atID,wthp6,wtlp6,wthp5,wtlp5,wtal,wtfe,s1hp6,s1lp6,s1hp5,s1lp5,s1al,s1fe
AT1G51330,0.0,0.0,0.0,0.06221,0.97681,0.0,0.0,0.0,0.0,0.0,0.0,0.0
AT2G30770,0.00056,0.0,0.00133,0.0,0.17527,0.61582,0.00362,0.0,0.0,0.00101,0.6633,0.30813
AT5G52390,0.00116,0.00277,0.02789,0.03224,0.06856,0.12407,0.01892,0.00764,0.01965,0.03636,0.87421,0.03454
AT4G13420,0.00277,0.00368,0.00652,0.01894,0.81647,0.03634,0.0463,0.0168,0.04714,0.0442,0.01656,0.01912
AT4G37290,0.00316,0.00067,0.01368,0.00784,0.01878,0.10657,0.01107,0.00208,0.01016,0.01163,0.74079,0.12855
AT5G36970,0.00344,0.00622,0.00516,0.00317,0.02599,0.19217,0.00603,0.00226,0.01138,0.00847,0.76109,0.23566
AT5G07570,0.00351,0.01564,0.04275,0.12766,0.98744,0.05951,0.0019,0.0,0.0,0.00159,0.00158,0.0
AT5G38910,0.00459,0.00049,0.0,0.00073,0.91379,0.60361,0.00154,0.00151,0.01017,0.00357,0.84474,0.22139
AT4G15100,0.00548,0.00701,0.00583,0.0,0.0,0.09055,0.02246,0.01336,0.0246,0.00496,0.02059,0.82779
AT5G17860,0.00709,0.00453,0.02069,0.0533,0.63947,0.25916,0.03009,0.0,0.0,0.0,0.09114,0.01558
AT4G37770,0.0077,0.03424,0.0387,0.0578,0.24574,0.04253,0.00833,0.0264,0.0166,0.11281,0.84515,0.04709
AT5G07572,0.01134,0.02175,0.0,0.07548,0.99588,0.05197,0.04562,0.0,0.0,0.0,0.03179,0.02492
AT2G26695,0.01307,0.02506,0.02423,0.13668,0.64981,0.51502,0.0,0.0,0.01466,0.01227,0.0,0.02232
AT3G51895,0.01671,0.06019,0.02645,0.06798,0.98694,0.2954,0.02368,0.02026,0.04801,0.02094,0.0416,0.07965
AT1G08430,0.01912,0.02454,0.03737,0.09216,0.88627,0.08328,0.00099,0.00056,0.00032,0.0002,9e-05,0.00012
AT3G28540,0.01925,0.00918,0.03065,0.01786,0.20115,0.05583,0.0464,0.03229,0.06367,0.02972,0.99818,0.1313
AT2G18480,0.02092,0.00886,0.01738,0.03138,0.75577,0.07765,0.01174,0.0,0.00313,0.01403,0.00258,0.00476
AT2G43590,0.02364,0.01351,0.03426,0.05899,0.82065,0.66049,0.03734,0.00977,0.04193,0.04087,0.12428,0.21594
AT5G67060,0.02614,0.03167,0.12704,0.11242,0.19147,0.84674,0.07713,0.12639,0.10813,0.27798,0.18819,0.79932
AT3G54520,0.02722,0.04128,0.03606,0.09056,0.30154,0.04969,0.04215,0.0449,0.05229,0.5256,0.34686,0.10151
AT4G21650,0.02999,0.11684,0.0219,0.09212,0.24301,0.54263,0.12689,0.08443,0.10188,0.0702,0.72058,0.85459
AT1G52930,0.03256,0.40579,0.40493,0.82298,0.80131,0.46274,0.94799,0.42638,0.88549,0.43361,0.33989,0.46596
AT4G36880,0.04352,0.05784,0.06678,0.06712,0.20038,0.20283,0.01148,0.0135,0.01963,0.03567,0.91249,0.55253
AT3G49120,0.04766,0.03766,0.05543,0.09625,0.37805,0.79441,0.03107,0.06502,0.05608,0.10897,0.92381,0.7393
AT5G06860,0.04781,0.06801,0.08225,0.13948,0.71114,0.35465,0.00629,0.00607,0.00804,0.01723,0.05792,0.02125
AT5G25460,0.05296,0.09171,0.12259,0.18404,0.95429,0.15724,0.02994,0.02741,0.03524,0.04188,0.02454,0.0373
AT5G57560,0.05567,0.10838,0.04548,0.11621,0.62429,0.07481,0.05783,0.05611,0.06773,0.14599,0.39658,0.07274
AT1G15830,0.06294,0.06633,0.04999,0.07152,0.7135,0.08675,0.01314,0.07841,0.04832,0.05197,0.05898,0.07766
AT5G20230,0.06512,0.0283,0.03429,0.16114,0.52768,0.13574,0.05749,0.04309,0.05895,0.29005,0.83629,0.23394
AT2G27120,0.06529,0.01394,0.08353,0.04084,0.95297,0.0,0.03371,0.0667,0.04493,0.01024,0.01963,0.03061
AT4G11470,0.06663,0.06396,0.05728,0.07831,0.10999,0.60841,0.17389,0.11413,0.12331,0.0917,0.58326,0.26461
AT4G27460,0.06957,0.08346,0.08166,0.12809,0.98726,0.44631,0.06476,0.02264,0.02955,0.02771,0.00651,0.11392
AT1G66180,0.07716,0.08456,0.09197,0.13945,0.77637,0.15024,0.08179,0.06954,0.08131,0.08721,0.12093,0.11944
AT3G52720,0.07806,0.02139,0.06172,0.13692,0.81479,0.06171,0.05858,0.06014,0.04597,0.144,0.2143,0.10074
AT1G13480,0.07999,0.13345,0.06738,0.07151,0.77427,0.13789,0.07821,0.09759,0.06887,0.09892,0.52686,0.08444
AT5G03545,0.08004,0.60381,0.11033,0.25517,0.39943,0.1367,0.12264,0.91864,0.13908,0.41098,0.42437,0.17408
AT3G15500,0.08717,0.10773,0.1185,0.24082,0.30297,0.93451,0.11727,0.09686,0.11175,0.21119,0.60302,0.46106
AT1G20030,0.09259,0.09009,0.09905,0.1017,0.18359,0.37213,0.09176,0.10219,0.11562,0.17749,0.98442,0.41572
AT2G17500,0.09386,0.09062,0.14703,0.18874,0.36317,0.85114,0.05345,0.03813,0.06456,0.11118,0.39746,0.41886
AT2G24270,0.09898,0.02128,0.50916,0.02418,0.41661,0.1293,0.15272,0.0696,0.14326,0.00404,0.01549,0.18017
AT4G15490,0.10362,0.05404,0.15568,0.15102,0.20133,0.1898,0.33678,0.26609,0.38203,0.38318,0.33167,0.83455
AT3G22240,0.10917,0.09462,0.2072,0.25017,0.51436,0.62627,0.12986,0.08386,0.15688,0.16839,0.11582,0.1964
AT2G18690,0.11149,0.09601,0.131,0.11911,0.22389,0.35863,0.15279,0.10954,0.12807,0.14523,0.9519,0.31946
AT5G66650,0.1158,0.14567,0.13601,0.17072,0.89589,0.32094,0.08951,0.10617,0.0939,0.13277,0.14583,0.20181
AT3G47340,0.11604,0.07631,0.08619,0.22228,0.28083,0.34827,0.35519,0.05114,0.05141,0.22965,0.96022,0.14734
AT2G41380,0.11839,0.14999,0.22981,0.34668,0.8175,0.60559,0.02353,0.01579,0.03383,0.04624,0.0399,0.09132
AT3G25250,0.12106,0.15441,0.11352,0.14399,0.3244,0.38953,0.14323,0.11344,0.14998,0.25081,0.98497,0.40612
AT5G01225,0.13883,0.07527,0.06284,0.09085,0.17779,0.27811,0.15213,0.10589,0.09632,0.15915,0.91211,0.36493
AT1G61560,0.14071,0.15704,0.20095,0.21661,0.84419,0.80656,0.03655,0.02146,0.02716,0.02569,0.39169,0.15005
AT5G38200,0.14073,0.20538,0.21205,0.34946,0.98505,0.25947,0.02778,0.02587,0.03509,0.04295,0.05762,0.02761
AT3G09405,0.15348,0.14425,0.11707,0.13095,0.34299,0.34529,0.09072,0.11871,0.09289,0.11879,0.92667,0.21522
AT1G08910,0.15413,0.16667,0.13429,0.16137,0.538,0.28249,0.14639,0.14127,0.15766,0.18267,0.96407,0.33815
AT1G04800,0.15479,0.0112,0.5,0.0158,0.11203,0.00611,0.39284,0.02705,0.18636,0.01873,0.00641,0.01027
AT1G44575,0.16156,0.13014,0.53699,0.07211,0.38611,0.153,0.26393,0.14583,0.25378,0.08657,0.13792,0.16217
AT1G09310,0.16173,0.0561,0.27634,0.06188,0.90384,0.06169,0.24676,0.07775,0.17698,0.05276,0.05955,0.20461
AT4G39770,0.16342,0.10338,0.1813,0.11205,0.11718,0.82278,0.19497,0.21151,0.24681,0.14403,0.29695,0.91373
AT1G72490,0.16937,0.2355,0.2427,0.2772,0.49482,0.49092,0.13985,0.24444,0.15295,0.26973,0.93948,0.34648
AT1G44180,0.1707,0.16878,0.19387,0.17922,0.4968,0.62673,0.124,0.20669,0.27417,0.28592,0.89699,0.59904
AT2G43500,0.17844,0.19825,0.16985,0.24873,0.45525,0.40024,0.10649,0.09505,0.17247,0.30441,0.93336,0.3135
AT4G02880,0.19582,0.25132,0.2149,0.21756,0.45507,0.27574,0.18389,0.19037,0.20736,0.2048,0.94081,0.2855
AT1G60190,0.20368,0.23849,0.37669,0.26166,0.21615,0.47786,0.35252,0.23586,0.26251,0.31677,0.83043,0.9413
AT2G46600,0.20478,0.26146,0.28555,0.35627,0.32359,0.4793,0.28787,0.31603,0.33306,0.45224,0.89202,0.58128
AT4G23250,0.20817,0.0598,0.15031,0.06523,0.24445,0.33034,0.18982,0.06836,0.12083,0.06334,0.83047,0.11529
AT1G05000,0.21406,0.47807,0.27544,0.48185,0.88615,0.33584,0.13328,0.35919,0.16163,0.32133,0.32179,0.10847
AT5G60770,0.21719,0.22767,0.4463,0.60161,0.58595,0.11823,0.34123,0.04938,0.22727,0.35776,0.00675,0.07688
AT5G66480,0.21788,0.2181,0.16725,0.14771,0.67282,0.09169,0.18486,0.16278,0.11671,0.1082,0.06293,0.04281
AT5G44700,0.21817,0.24913,0.36391,0.38161,0.2425,0.62587,0.28315,0.22813,0.32335,0.50162,0.81139,0.93902
AT5G64260,0.22162,0.30931,0.30344,0.4263,0.77767,0.41918,0.14162,0.17465,0.16007,0.21206,0.22652,0.20609
AT5G53590,0.22185,0.17084,0.21953,0.2375,0.78931,0.52551,0.31198,0.22898,0.27805,0.26042,0.86863,0.38061
AT3G16150,0.22287,0.21593,0.3208,0.49486,0.70949,0.64735,0.26355,0.23877,0.29195,0.37301,0.54396,0.71029
AT5G67180,0.22546,0.22344,0.35893,0.3812,0.31864,0.68425,0.58597,0.37854,0.48101,0.29277,0.71832,0.85648
AT1G44446,0.22657,0.37969,0.47229,0.39675,0.36656,0.70496,0.28649,0.28748,0.29596,0.31827,0.46443,0.91085
AT1G24150,0.23047,0.27636,0.28761,0.27667,0.35941,0.32673,0.23125,0.23492,0.2721,0.30121,0.97684,0.33358
AT3G47470,0.23366,0.31849,0.60357,0.26713,0.25698,0.70367,0.19475,0.28583,0.16658,0.22409,0.15852,0.77965
AT4G33660,0.2341,0.18467,0.18828,0.16369,0.3357,0.25843,0.10862,0.22532,0.14785,0.20987,0.95439,0.2405
AT3G05880,0.23685,0.22333,0.24,0.25824,0.75845,0.81506,0.23305,0.29528,0.18246,0.27056,0.69114,0.59358
AT2G23150,0.23791,0.25405,0.28416,0.30006,0.80461,0.39018,0.22493,0.20353,0.22138,0.22496,0.34627,0.2685
AT2G37970,0.24152,0.25552,0.25294,0.29722,0.30969,0.77722,0.2931,0.36994,0.33989,0.45457,0.67064,0.95157
AT5G18170,0.24216,0.27118,0.27508,0.35319,0.93314,0.54781,0.15558,0.17143,0.14509,0.14967,0.12392,0.24662
AT1G32950,0.24454,0.26004,0.31706,0.26022,0.42408,0.3278,0.16755,0.22263,0.26381,0.29742,0.93913,0.44295
AT2G39380,0.24487,0.22192,0.21843,0.27295,0.7862,0.62559,0.13912,0.09502,0.11331,0.10404,0.08027,0.18757
AT1G60610,0.24918,0.30303,0.33252,0.35796,0.82852,0.39336,0.17745,0.21,0.19139,0.20462,0.32254,0.21975
AT3G21690,0.24946,0.19022,0.19844,0.26569,0.7574,0.79983,0.26645,0.23864,0.32059,0.28747,0.76645,0.72608
AT5G57350,0.24979,0.30757,0.27207,0.39234,0.88471,0.52437,0.21596,0.32024,0.24406,0.25792,0.3267,0.40908
AT5G53990,0.25219,0.22834,0.31041,0.45083,0.60904,0.98788,0.33105,0.24213,0.27718,0.34544,0.82461,0.70843
AT2G01008,0.25394,0.58866,0.49505,0.17449,0.28167,0.32693,0.14548,0.14925,0.20664,0.10541,0.12901,0.11851
AT1G27200,0.2578,0.34561,0.45298,0.49209,0.88763,0.44537,0.21244,0.20943,0.20174,0.23963,0.30177,0.22418
AT5G47560,0.26256,0.2612,0.23692,0.36966,0.83749,0.36289,0.1739,0.17917,0.21252,0.19805,0.04068,0.12899
AT1G62422,0.26297,0.3784,0.56229,0.53424,0.75866,0.73894,0.185,0.21847,0.20474,0.20591,0.25988,0.3031
AT2G34500,0.2632,0.23276,0.33022,0.39633,0.25619,0.55607,0.27839,0.35356,0.32623,0.43912,0.92329,0.74482
AT5G40040,0.26615,0.17414,0.33239,0.15261,0.22073,0.10814,0.25843,0.38595,0.62563,0.74113,0.27245,0.28532
AT2G37330,0.26691,0.27318,0.32635,0.30268,0.80101,0.32704,0.26766,0.24861,0.18011,0.29444,0.21608,0.19943
AT1G68690,0.26939,0.27259,0.23344,0.25103,0.42894,0.42427,0.2228,0.19488,0.26036,0.24248,0.92019,0.34821
AT2G20180,0.27023,0.39049,0.52756,0.39875,0.9555,0.35316,0.31562,0.45304,0.4671,0.25766,0.19797,0.30043
AT2G17220,0.27295,0.2583,0.27561,0.28478,0.42093,0.61583,0.31381,0.22836,0.27432,0.29375,0.92607,0.65695
AT1G18100,0.27297,0.24239,0.36927,0.49335,0.728,0.52163,0.4322,0.33531,0.33095,0.45515,0.28316,0.62733
AT5G36140,0.27438,0.09981,0.35529,0.24836,0.1547,0.37336,0.51358,0.11117,0.79723,0.65816,0.49117,0.44316
AT1G18382,0.27476,0.41826,0.24802,0.55731,0.78556,0.90886,0.42219,0.25697,0.28315,0.32615,0.87926,0.65319
AT4G31500,0.27488,0.2551,0.26936,0.38493,0.44023,0.91754,0.27041,0.29017,0.31385,0.32515,0.35811,0.76881
AT2G01010,0.27538,0.54333,0.28502,0.2559,0.25781,0.16077,0.06556,0.05189,0.09073,0.05664,0.05944,0.04726
AT1G77450,0.28321,0.24787,0.37179,0.58116,0.68544,0.74579,0.30457,0.22798,0.33103,0.62272,0.91399,0.62639
AT2G34490,0.28526,0.15303,0.40702,0.49841,0.38893,0.65458,0.48669,0.35427,0.61456,0.57677,0.65034,0.9413
AT5G04140,0.2859,0.23929,0.60825,0.22092,0.34161,0.08588,0.35172,0.20728,0.4409,0.22955,0.16805,0.14181
AT5G52120,0.28618,0.21987,0.35574,0.37258,0.51957,0.85294,0.28481,0.30864,0.25173,0.37458,0.71292,0.67742
AT5G38710,0.28738,0.38675,0.25675,0.35073,0.66994,0.88471,0.22748,0.51879,0.151,0.2023,0.36831,0.31827
AT3G62270,0.2886,0.29443,0.34841,0.44468,0.82174,0.32271,0.2749,0.20705,0.30356,0.29866,0.11081,0.20175
AT1G01190,0.2931,0.25944,0.22333,0.40101,0.46432,0.61158,0.2298,0.28722,0.24015,0.25665,0.82199,0.46536
AT1G08230,0.29399,0.18472,0.24419,0.27687,0.46151,0.56758,0.32585,0.37946,0.29207,0.26201,0.79899,0.50852
AT5G01720,0.29684,0.3828,0.2975,0.42616,0.91881,0.34022,0.17138,0.15474,0.17297,0.16587,0.14011,0.09707
AT1G14870,0.29848,0.28486,0.24022,0.21819,0.72502,0.85324,0.19014,0.1704,0.14702,0.17564,0.45824,0.29279
AT5G59730,0.29976,0.28987,0.36414,0.38444,0.73323,0.86697,0.31227,0.27526,0.34018,0.32041,0.6332,0.53674
AT3G62750,0.30179,0.12793,0.56363,0.11368,0.45863,0.23941,0.5,0.16183,0.55537,0.14783,0.14911,0.11302
AT5G26070,0.3031,0.34126,0.57656,0.40818,0.25785,0.148,0.29806,0.35605,0.80284,0.56915,0.11291,0.25117
AT3G49160,0.31128,0.36444,0.26243,0.37518,0.48324,0.86945,0.2837,0.29587,0.37005,0.61103,0.78976,0.73759
AT5G24570,0.31455,0.37904,0.77299,0.48599,0.45343,0.25976,0.41137,0.54826,0.78122,0.66443,0.23895,0.31456
AT4G10060,0.31883,0.2571,0.47762,0.19418,0.48045,0.18967,0.64486,0.18569,0.33685,0.18906,0.03811,0.21975
AT1G23090,0.31961,0.27788,0.48293,0.44777,0.74779,0.50198,0.38162,0.29174,0.3747,0.23775,0.14331,0.37691
AT5G50760,0.32195,0.33581,0.40072,0.51185,0.81135,0.61686,0.235,0.23443,0.2524,0.32633,0.12851,0.16805
AT4G28811,0.33135,0.65469,0.18637,0.30485,0.45201,0.03075,0.06715,0.03937,0.12752,0.15544,0.03161,0.0
AT3G28345,0.33266,0.41538,0.61111,0.78944,0.87861,0.7157,0.09688,0.06454,0.1659,0.16596,0.02249,0.10166
AT5G52750,0.33451,0.37356,0.28458,0.15196,0.33804,0.2397,0.40669,0.47293,0.27946,0.39475,0.94676,0.3595
AT1G64970,0.33567,0.36844,0.34329,0.423,0.35392,0.57725,0.38985,0.36536,0.38774,0.50039,0.3275,0.91293
AT2G28110,0.34311,0.37812,0.51567,0.50205,0.79805,0.67908,0.30705,0.36518,0.31639,0.3519,0.5244,0.57805
AT5G25280,0.34746,0.33309,0.37423,0.38786,0.43499,0.93684,0.34537,0.40199,0.30682,0.37288,0.64767,0.7107
AT5G06330,0.36904,0.32725,0.39185,0.39567,0.8373,0.57521,0.35095,0.25463,0.28165,0.2577,0.33243,0.24868
AT4G38470,0.37498,0.57139,0.38931,0.50463,0.8924,0.54292,0.27979,0.59973,0.31317,0.41553,0.29583,0.40974
AT2G42610,0.37509,0.38161,0.2332,0.35211,0.53472,0.40426,0.58802,0.59708,0.68459,0.55484,0.49175,0.63573
AT4G25410,0.37779,0.23415,0.42053,0.3914,0.31569,0.80762,0.32061,0.32183,0.39652,0.40375,0.32665,0.64141
AT5G11670,0.38125,0.4751,0.41922,0.46883,0.91253,0.49168,0.26648,0.26002,0.22595,0.238,0.27256,0.22157
AT4G37240,0.38333,0.63656,0.62143,0.67711,0.91973,0.53822,0.32272,0.3189,0.41827,0.52832,0.21086,0.45082
AT2G27830,0.38378,0.28825,0.37439,0.59732,0.66711,0.95072,0.39994,0.2853,0.46597,0.66719,0.57866,0.724
AT1G10060,0.38558,0.27733,0.36628,0.35414,0.75838,0.72794,0.17113,0.22092,0.3583,0.32277,0.79475,0.49016
AT3G19970,0.38805,0.79556,0.4771,0.58342,0.7632,0.60349,0.52495,0.76294,0.41838,0.65943,0.99793,0.50483
AT4G29950,0.3906,0.47221,0.47163,0.51288,0.57509,0.60239,0.3975,0.48841,0.4095,0.51775,0.99126,0.57182
AT5G22140,0.39097,0.35842,0.38077,0.39578,0.42878,0.5167,0.46056,0.40688,0.43224,0.45328,0.93593,0.53267
AT5G02390,0.39551,0.52677,0.74134,0.79819,0.64756,0.51612,0.44681,0.51545,0.54282,0.52403,0.10271,0.35197
AT1G27720,0.39903,0.51959,0.52467,0.77927,0.90245,0.52061,0.40182,0.44905,0.43001,0.60547,0.94572,0.41358
AT3G43670,0.40401,0.47391,0.41036,0.55701,0.54766,0.82879,0.37554,0.64943,0.5035,0.63221,0.36893,0.97657
AT2G35910,0.40469,0.54185,0.4317,0.46623,0.902,0.59501,0.30628,0.37483,0.30544,0.39925,0.37527,0.38836
AT5G57610,0.40496,0.5699,0.44176,0.61241,0.69508,0.52846,0.39624,0.52404,0.44591,0.45081,0.97873,0.495
AT2G38050,0.41027,0.36995,0.37458,0.395,0.38564,0.82475,0.43874,0.51311,0.49581,0.53647,0.48483,0.96556
AT5G58350,0.4108,0.4602,0.43308,0.46786,0.79334,0.50554,0.35443,0.32606,0.35045,0.35342,0.27463,0.28692
AT3G17210,0.41176,0.38164,0.40857,0.40719,0.84419,0.58691,0.38463,0.38861,0.28458,0.34249,0.19889,0.36045
AT5G61810,0.41192,0.42416,0.46206,0.50087,0.60161,0.70246,0.48345,0.53613,0.51675,0.47493,0.95999,0.78335
AT2G16720,0.41299,0.37561,0.47001,0.47121,0.45684,0.64191,0.42455,0.44461,0.40817,0.57171,0.66157,0.85927
AT5G51160,0.41308,0.45289,0.36963,0.39542,0.4857,0.43175,0.41636,0.40539,0.41165,0.38029,0.98669,0.56251
AT5G37740,0.41386,0.41709,0.53197,0.54291,0.86661,0.74262,0.24101,0.25237,0.25227,0.35644,0.38346,0.2956
AT3G07160,0.41653,0.53048,0.47183,0.59865,0.59847,0.38381,0.41098,0.36084,0.49706,0.46404,0.99095,0.4222
AT5G22890,0.41711,0.51803,0.50749,0.66718,0.88967,0.7481,0.00548,0.00577,0.00387,0.00221,0.0,0.00173
AT1G31120,0.41883,0.52208,0.49987,0.59953,0.91692,0.72631,0.33501,0.34321,0.36133,0.36501,0.60406,0.50814
AT1G06650,0.42019,0.44446,0.45185,0.43717,0.42051,0.80305,0.41847,0.58339,0.40884,0.449,0.44538,0.88317
AT4G33740,0.42215,0.52147,0.51854,0.56146,0.91773,0.44703,0.36258,0.4333,0.38671,0.56613,0.40197,0.47843
AT4G13340,0.42276,0.5556,0.41823,0.37998,0.55631,0.26175,0.348,0.34839,0.44337,0.48066,0.88142,0.33671
AT2G11810,0.42329,0.75164,0.58729,0.42919,0.75788,0.4104,0.39544,0.7799,0.53693,0.51754,0.92518,0.25583
AT3G18080,0.42357,0.27123,0.44183,0.25411,0.51925,0.68017,0.69523,0.42461,0.41762,0.27905,0.66364,0.83777
AT3G06850,0.42738,0.34339,0.31143,0.42696,0.46624,0.66474,0.3233,0.43084,0.3431,0.44737,0.88189,0.60277
AT4G34560,0.43449,0.41805,0.40687,0.35633,0.48418,0.63118,0.46012,0.6295,0.47033,0.38824,0.85299,0.62651
AT1G73580,0.4365,0.5347,0.74353,0.78061,0.45771,0.83792,0.6183,0.67116,0.53385,0.8029,0.21411,0.73264
AT5G41070,0.43931,0.47085,0.42753,0.46905,0.82094,0.49203,0.38276,0.56394,0.52795,0.4497,0.47893,0.44847
AT1G73620,0.44192,0.4443,0.50148,0.58882,0.65168,0.80966,0.58634,0.59301,0.62385,0.62097,0.62266,0.9894
AT1G70460,0.44221,0.68483,0.83761,0.86219,0.6157,0.42387,0.54019,0.59027,0.68533,0.72616,0.20283,0.37681
AT4G24260,0.44523,0.58127,0.29522,0.38711,0.47557,0.29186,0.46126,0.54551,0.55724,0.26475,0.97282,0.14575
AT4G26790,0.4463,0.41143,0.36467,0.28861,0.48728,0.57044,0.35003,0.31176,0.33517,0.47417,0.91492,0.5823
AT5G27280,0.44806,0.48246,0.4805,0.42259,0.6362,0.91907,0.43666,0.50957,0.40288,0.51784,0.76586,0.82923
AT3G52840,0.44881,0.30932,0.31527,0.34817,0.39465,0.7537,0.38591,0.52194,0.36653,0.33265,0.34429,0.77438
AT3G03776,0.44996,0.80332,0.72768,0.33492,0.32297,0.4354,0.24737,0.92632,0.34214,0.3094,0.56863,0.50382
AT5G52570,0.4509,0.29835,0.37262,0.39518,0.52356,0.09534,0.39698,0.59162,0.50516,0.65084,0.96265,0.30939
AT1G73655,0.45101,0.40631,0.5782,0.56991,0.57198,0.905,0.52311,0.55411,0.46716,0.51952,0.48721,0.78888
AT1G17960,0.45123,0.66484,0.53844,0.54683,0.32863,0.33336,0.55285,0.50112,0.79102,0.48935,0.33143,0.406
AT5G64220,0.4521,0.46841,0.49878,0.5967,0.89635,0.50256,0.39717,0.38228,0.39984,0.45131,0.70251,0.41358
AT1G21010,0.45313,0.36308,0.44391,0.46099,0.84656,0.86748,0.27744,0.28317,0.28142,0.30517,0.57551,0.62754
AT3G10470,0.45662,0.61461,0.80111,0.75957,0.69915,0.76897,0.75863,0.80602,0.69282,0.66125,0.291,0.83544
AT4G15150,0.45711,0.28241,0.50531,0.47929,0.37784,0.65898,0.53831,0.43279,0.25821,0.44229,0.54692,0.59467
AT5G07440,0.45773,0.48295,0.4161,0.50584,0.8331,0.85611,0.45435,0.61308,0.3447,0.41851,0.4266,0.60997
AT4G16760,0.45854,0.50286,0.49837,0.55751,0.57619,0.83347,0.48266,0.5292,0.45196,0.5373,0.96581,0.79329
AT4G33905,0.45928,0.24714,0.32025,0.33613,0.59736,0.42372,0.41289,0.27755,0.45928,0.42349,0.89402,0.4936
AT4G38480,0.45988,0.46339,0.52629,0.53787,0.43405,0.48753,0.57864,0.43927,0.48492,0.53937,0.89457,0.44063
AT1G75520,0.46197,0.49965,0.528,0.50919,0.51251,0.43465,0.52895,0.44146,0.53326,0.52585,0.91405,0.39487
AT1G49490,0.4638,0.7183,0.74162,0.43722,0.68935,0.34914,0.45374,0.73662,0.65167,0.4905,0.43945,0.41008
AT4G29780,0.46609,0.43283,0.38263,0.477,0.61443,0.63862,0.8681,0.28177,0.69252,0.63968,0.63345,0.5668
AT2G18060,0.46878,0.60505,0.51232,0.48181,0.75854,0.60427,0.5717,0.57171,0.68678,0.64015,0.66447,0.65703
AT3G10080,0.46899,0.42835,0.4369,0.48641,0.50922,0.88994,0.79634,0.83651,0.66087,0.65216,0.58642,0.87783
AT3G47800,0.47037,0.52856,0.42126,0.472,0.50044,0.7965,0.69319,0.94875,0.64203,0.71539,0.58615,0.89646
AT5G48100,0.47059,0.63255,0.46393,0.72218,0.86626,0.8967,0.52548,0.31582,0.31576,0.34199,0.74832,0.5121
AT5G11090,0.47175,0.46982,0.59616,0.53779,0.66894,0.95663,0.45777,0.48981,0.44938,0.53351,0.7998,0.74701
AT5G13900,0.47249,0.46819,0.42061,0.34335,0.40164,0.57241,0.49235,0.42656,0.29386,0.42989,0.91286,0.80778
AT5G07870,0.4734,0.30389,0.42743,0.44087,0.54089,0.82363,0.50578,0.46665,0.47907,0.59409,0.92594,0.93633
AT1G77765,0.47366,0.51899,0.59396,0.58969,0.46373,0.29322,0.45826,0.53575,0.733,0.65057,0.25821,0.76463
AT5G04660,0.47524,0.38532,0.57833,0.46212,0.38883,0.37667,0.68675,0.67134,0.37613,0.27906,0.78563,0.42746
AT5G12930,0.47555,0.54372,0.56049,0.54506,0.94359,0.67438,0.36561,0.41114,0.39507,0.45836,0.90948,0.49747
AT5G20820,0.47647,0.48153,0.48716,0.54721,0.40015,0.76908,0.59279,0.82749,0.5093,0.63432,0.44871,0.72804
AT3G12685,0.47821,0.30226,0.3878,0.3757,0.56859,0.70382,0.4656,0.75848,0.45741,0.41467,0.54116,0.69181
AT4G11660,0.4788,0.53376,0.5321,0.47472,0.67382,0.53513,0.56551,0.35626,0.50869,0.58917,0.90743,0.77778
AT3G22200,0.47962,0.52546,0.62795,0.68165,0.92417,0.69808,0.42258,0.36623,0.3422,0.37306,0.55525,0.48149
AT4G33985,0.48016,0.43266,0.42283,0.43388,0.51709,0.9024,0.52522,0.48465,0.54329,0.63954,0.65144,0.89883
AT4G40080,0.48129,0.48415,0.47867,0.46616,0.7345,0.95814,0.41444,0.5266,0.5451,0.60785,0.9129,0.85534
AT1G60950,0.48183,0.47732,0.70605,0.37517,0.40285,0.66839,0.41899,0.69419,0.50094,0.46051,0.3278,0.86534
AT1G25275,0.48585,0.40364,0.42238,0.44518,0.50314,0.76784,0.35971,0.39079,0.37167,0.5647,0.83597,0.60048
AT5G66815,0.4859,0.44785,0.73226,0.74661,0.37159,0.47746,0.62937,0.52215,0.91278,0.74023,0.24816,0.68283
AT1G57770,0.48696,0.5322,0.8726,0.81923,0.7088,0.16418,0.33292,0.46292,0.4055,0.44683,0.44236,0.09705
AT1G75440,0.48733,0.54451,0.56326,0.6146,0.91059,0.95695,0.31718,0.38181,0.32139,0.34733,0.25694,0.4705
AT4G18670,0.48749,0.69795,0.51686,0.52435,0.52668,0.27177,0.38725,0.46533,0.4958,0.45812,0.50798,0.32831
AT1G09170,0.48893,0.71699,0.88096,0.92955,0.54431,0.38177,0.60909,0.56796,0.71017,0.87202,0.29971,0.48226
AT2G46100,0.49515,0.46548,0.5563,0.51987,0.50476,0.96037,0.4637,0.46518,0.50333,0.58722,0.49813,0.93311
AT3G08590,0.49584,0.46747,0.54176,0.55724,0.76818,0.51079,0.58716,0.5038,0.60157,0.61177,0.93108,0.62158
AT1G08810,0.49665,0.4648,0.60943,0.44809,0.40613,0.23732,0.86511,0.75887,0.58825,0.53479,0.16521,0.10679
AT3G50370,0.49915,0.7267,0.49867,0.64649,0.51233,0.29071,0.38593,0.37344,0.44245,0.44209,0.45202,0.30683
AT2G05530,0.49968,0.50729,0.05329,0.18939,0.30294,0.68201,0.26719,0.32924,0.06793,0.05835,0.02383,0.09168
AT5G02550,0.50073,0.42372,0.53217,0.53904,0.38019,0.85834,0.62078,0.73799,0.48728,0.54638,0.39319,0.81288
AT5G20140,0.50079,0.73381,0.60403,0.50242,0.81761,0.54612,0.58015,0.96003,0.69441,0.65181,0.655,0.75029
AT1G37130,0.50084,0.70072,0.52362,0.72389,0.54746,0.35764,0.3952,0.32056,0.55856,0.68951,0.47933,0.36714
AT2G45850,0.50102,0.26775,0.5814,0.36693,0.80993,0.48082,0.41094,0.66599,0.66902,0.14257,0.36345,0.27949
AT2G34660,0.50135,0.61817,0.61739,0.7739,0.63319,0.48482,0.46342,0.38282,0.58983,0.66492,0.96052,0.5113
AT2G33240,0.50156,0.65973,0.58882,0.96273,0.7379,0.51687,0.31006,0.4717,0.56873,0.39697,0.86882,0.44733
AT5G35735,0.50315,0.47963,0.39463,0.41147,0.58858,0.4304,0.45649,0.28254,0.32111,0.37402,0.94227,0.40164
AT4G36010,0.50319,0.35545,0.42694,0.41387,0.54387,0.57042,0.50516,0.23589,0.4651,0.45097,0.96214,0.57487
AT5G02480,0.5042,0.54879,0.53169,0.62489,0.98888,0.50911,0.18908,0.14852,0.14666,0.1144,0.09525,0.10108
AT1G70250,0.50501,0.81392,0.75611,0.93618,0.65141,0.5237,0.51479,0.55484,0.58306,0.77005,0.43627,0.45982
AT1G75810,0.50589,0.46374,0.49633,0.44159,0.5201,0.8819,0.52023,0.49404,0.42321,0.51103,0.78567,0.77268
AT1G13040,0.50629,0.71232,0.53632,0.75911,0.62424,0.30376,0.46127,0.38977,0.53945,0.57872,0.42239,0.34139
AT1G08270,0.50633,0.75804,0.64135,0.65011,0.60448,0.64547,0.69491,0.69973,0.8146,0.70091,0.59807,0.4766
AT1G35670,0.50675,0.56896,0.59076,0.68468,0.8868,0.7093,0.41521,0.47159,0.3933,0.44764,0.37109,0.4496
AT4G11950,0.50838,0.16974,0.64179,0.30501,0.34561,0.42686,0.61148,0.68576,0.77405,0.44085,0.77906,0.48412
AT4G00400,0.50876,0.41386,0.40067,0.42795,0.55398,0.61428,0.58495,0.52118,0.61815,0.37554,0.98055,0.78274
AT3G46240,0.5104,0.88375,0.46136,0.28167,0.69914,0.23596,0.01513,0.62538,0.0,0.04236,0.0,0.0
AT2G35710,0.51056,0.48541,0.40166,0.34478,0.97769,0.29013,0.42218,0.36896,0.3708,0.3014,0.42679,0.19776
AT5G20970,0.51201,0.40524,0.43999,0.41617,0.3634,0.3668,0.7045,0.54388,0.60194,0.57253,0.88533,0.6862
AT4G39675,0.51671,0.75043,0.55284,0.69429,0.37611,0.26113,0.20626,0.36354,0.25642,0.44483,0.04009,0.17839
AT2G28900,0.51788,0.34939,0.43657,0.41385,0.62479,0.72526,0.74758,0.47327,0.48875,0.38002,0.56674,0.73753
AT5G19940,0.51868,0.52222,0.6634,0.4908,0.50115,0.97526,0.47801,0.76106,0.4628,0.59277,0.38144,0.98284
AT5G24070,0.52254,0.65782,0.63991,0.55106,0.73362,0.52304,0.43599,0.56072,0.43582,0.5943,0.03997,0.39332
AT1G23380,0.52311,0.56287,0.59109,0.59516,0.86198,0.669,0.59612,0.67588,0.6488,0.70002,0.77974,0.8022
AT5G53350,0.52454,0.6723,0.62474,0.69404,0.80236,0.67444,0.45412,0.50677,0.56429,0.7245,0.99835,0.72058
AT4G35390,0.5258,0.57943,0.48919,0.53087,0.66603,0.57121,0.60153,0.59304,0.67717,0.61174,0.96991,0.5655
AT1G21310,0.52768,0.7587,0.53078,0.43652,0.31329,0.1988,0.32558,0.5518,0.48468,0.51952,0.26698,0.27212
AT2G27060,0.52824,0.81659,0.63217,0.72404,0.52649,0.39969,0.49067,0.66887,0.64548,0.53434,0.54846,0.38633
AT5G05630,0.52878,0.55017,0.55972,0.5709,0.6324,0.72924,0.62506,0.47607,0.63613,0.51273,0.49808,0.90532
AT1G26150,0.52927,0.73381,0.53992,0.59259,0.56882,0.25386,0.38696,0.43082,0.45331,0.41457,0.41602,0.19747
AT4G30280,0.52964,0.47648,0.66702,0.65617,0.96554,0.84057,0.58868,0.48217,0.68539,0.88383,0.70909,0.92571
AT2G41970,0.53019,0.59907,0.89193,0.80592,0.59238,0.81365,0.68406,0.70691,0.70885,0.85689,0.31967,0.68266
AT1G30570,0.53049,0.61571,0.68453,0.68177,0.88487,0.55602,0.57264,0.55007,0.59353,0.5601,0.46202,0.55518
AT5G65470,0.53072,0.46717,0.47291,0.4701,0.52728,0.38924,0.5625,0.56366,0.54339,0.488,0.97641,0.5602
AT1G52070,0.53234,0.63289,0.80566,0.89157,0.61224,0.67724,0.25901,0.28475,0.19503,0.22596,0.00881,0.17436
AT1G19840,0.53465,0.6579,0.96304,0.68708,0.54898,0.64332,0.45187,0.43507,0.43465,0.4889,0.3682,0.39747
AT4G31450,0.5362,0.55756,0.69764,0.65953,0.53857,0.94465,0.54426,0.54922,0.61992,0.70118,0.68415,0.8188
AT1G19230,0.53693,0.6171,0.5621,0.62202,0.69705,0.51132,0.51533,0.43932,0.55242,0.5967,0.98661,0.5366
AT2G27690,0.53767,0.54942,0.78388,0.65337,0.57563,0.82913,0.62178,0.3755,0.59495,0.71572,0.77914,0.65591
AT4G10040,0.53959,0.48113,0.50453,0.50687,0.4728,0.76036,0.62868,0.66968,0.61404,0.7609,0.7028,0.95781
AT3G53530,0.54005,0.39362,0.64843,0.44743,0.93999,0.2846,0.59689,0.74063,0.3208,0.40083,0.4796,0.5253
AT5G17330,0.54095,0.56448,0.61922,0.65377,0.98572,0.62866,0.41004,0.3371,0.35697,0.37642,0.32322,0.3563
AT4G24570,0.54124,0.40426,0.34486,0.53405,0.71506,0.81229,0.81884,0.41152,0.70427,0.50113,0.86129,0.49611
AT3G16910,0.54609,0.61284,0.5752,0.62588,0.88343,0.8256,0.57426,0.6085,0.54929,0.63762,0.6679,0.72617
AT1G34340,0.54699,0.63673,0.62443,0.6659,0.79349,0.70292,0.44766,0.61239,0.61709,0.61429,0.89713,0.64071
AT5G04290,0.54757,0.77897,0.61797,0.82101,0.6252,0.35619,0.47113,0.53989,0.64866,0.617,0.51255,0.37818
AT3G03520,0.54829,0.56732,0.63487,0.60637,0.69265,0.82751,0.67392,0.74197,0.7472,0.78645,0.93839,0.89165
AT4G33940,0.54853,0.5282,0.56128,0.50404,0.70322,0.75989,0.49823,0.59064,0.49338,0.59934,0.97958,0.77542
AT1G71280,0.54963,0.51787,0.57465,0.85877,0.67912,0.36468,0.4488,0.89144,0.76571,0.61946,0.85118,0.4312
AT5G52880,0.54989,0.52497,0.58878,0.53242,0.76259,0.81914,0.52076,0.58223,0.66415,0.6816,0.85085,0.93763
AT3G19100,0.54994,0.66953,0.63134,0.7729,0.90605,0.60962,0.49728,0.48005,0.50776,0.56432,0.50654,0.48757
AT5G23580,0.55192,0.58258,0.57259,0.62002,0.70373,0.63657,0.59308,0.50939,0.60696,0.68167,0.9887,0.71263
AT1G64790,0.55205,0.70151,0.58484,0.86642,0.55595,0.31738,0.50527,0.48832,0.6455,0.50506,0.4136,0.34568
AT3G26440,0.5555,0.59827,0.66478,0.66329,0.96972,0.74854,0.52648,0.49843,0.55163,0.55028,0.66116,0.61738
AT4G37870,0.55584,0.67676,0.57599,0.69049,0.90225,0.68618,0.35585,0.34227,0.34584,0.38544,0.42659,0.42012
AT3G54430,0.55831,0.59163,0.53353,0.49161,0.63089,0.60327,0.54834,0.84794,0.58736,0.67879,0.70366,0.70249
AT4G13750,0.56011,0.72888,0.58547,0.82839,0.67401,0.41153,0.49971,0.48257,0.69781,0.58093,0.55182,0.48073
AT1G54500,0.5605,0.62434,0.60627,0.53622,0.56118,0.88666,0.51414,0.87557,0.45605,0.52661,0.30695,0.73637
AT4G03292,0.56137,0.27181,0.31615,0.50098,0.49754,0.65705,0.76327,0.63281,0.77282,0.65018,0.4836,0.73714
AT1G30410,0.56163,0.79137,0.79763,0.82982,0.5402,0.40797,0.52709,0.4232,0.5633,0.71106,0.34629,0.37932
AT3G61960,0.56277,0.60101,0.61622,0.59332,0.70892,0.69919,0.51751,0.55823,0.56607,0.62635,0.9366,0.8184
AT5G27320,0.56295,0.5418,0.57527,0.56403,0.54669,0.90604,0.56155,0.64645,0.56207,0.62694,0.76249,0.89941
AT2G34220,0.56417,0.52339,0.34568,0.71268,0.56482,0.44954,0.52535,0.54153,0.71286,0.87701,0.53389,0.38753
AT5G12360,0.56426,0.58927,0.68454,0.48418,0.55673,0.78824,0.66988,0.68784,0.69643,0.61172,0.63173,0.79485
AT1G58120,0.56436,0.43667,0.31283,0.46979,0.76167,0.74277,0.48472,0.74506,0.29132,0.25469,0.2194,0.16932
AT5G45840,0.56482,0.69615,0.88314,0.837,0.67582,0.66424,0.68628,0.65509,0.77081,0.82373,0.26313,0.51557
AT5G23155,0.56614,0.28376,0.56425,0.35891,0.7917,0.22964,0.24841,0.30096,0.59139,0.37016,0.55327,0.36841
AT4G23470,0.57068,0.60683,0.5996,0.57668,0.87578,0.64524,0.46553,0.50629,0.45385,0.49855,0.62852,0.49023
AT5G26310,0.57123,0.71165,0.84223,0.69138,0.68773,0.64667,0.6922,0.76804,0.69982,0.74524,0.68744,0.67309
AT3G49590,0.572,0.67334,0.6691,0.75442,0.72466,0.8034,0.54428,0.61913,0.60971,0.73602,0.93887,0.69646
AT1G22610,0.57231,0.70234,0.64832,0.62172,0.67751,0.51131,0.55615,0.53628,0.60738,0.56583,0.98848,0.6007
AT3G25790,0.57443,0.53286,0.77008,0.83199,0.76615,0.3527,0.48944,0.65543,0.6745,0.78831,0.22602,0.4971
AT4G35720,0.57463,0.46914,0.56607,0.82195,0.95523,0.78301,0.69348,0.74082,0.46476,0.3931,0.51386,0.26033
AT2G01913,0.5758,0.48396,0.50249,0.52006,0.4961,0.61852,0.78254,0.77517,0.80532,0.73304,0.84213,0.59602
AT1G68660,0.5765,0.66643,0.62879,0.63637,0.55843,0.95941,0.62136,0.7943,0.58519,0.65108,0.7242,0.92763
AT5G40410,0.57692,0.41487,0.67937,0.66942,0.50995,0.43275,0.79023,0.67589,0.75956,0.68037,0.61209,0.77086
AT1G79000,0.577,0.76815,0.64608,0.8649,0.62891,0.4531,0.53028,0.50689,0.61602,0.55013,0.56542,0.43469
AT3G47400,0.57732,0.66725,0.77923,0.75971,0.61385,0.65043,0.61684,0.59489,0.65833,0.92913,0.36615,0.67321
AT1G30260,0.57766,0.58258,0.46954,0.46785,0.40132,0.82721,0.26756,0.34767,0.24,0.28017,0.0943,0.22555
AT1G27595,0.57911,0.77825,0.61232,0.74184,0.63062,0.46275,0.49562,0.48683,0.58957,0.59485,0.56356,0.39813
AT3G59760,0.57955,0.57476,0.61856,0.64098,0.63673,0.96438,0.68984,0.67408,0.59436,0.57237,0.60121,0.99341
AT3G13430,0.57974,0.52407,0.60081,0.53778,0.62314,0.73554,0.52991,0.55564,0.53843,0.59376,0.9833,0.66652
AT2G37570,0.58169,0.68297,0.62925,0.70952,0.88076,0.75877,0.38567,0.40917,0.42022,0.40627,0.40715,0.43029
AT2G26890,0.58267,0.74735,0.6006,0.80766,0.61903,0.38038,0.46273,0.44671,0.61735,0.55425,0.6381,0.39955
AT5G65660,0.58391,0.57765,0.47225,0.51905,0.93255,0.77505,0.39283,0.64595,0.43408,0.43623,0.31937,0.56092
AT3G12830,0.58476,0.47578,0.65148,0.65891,0.87394,0.89417,0.45323,0.35579,0.38454,0.42635,0.47374,0.81064
AT1G31850,0.58673,0.63229,0.59875,0.58863,0.63289,0.51578,0.60561,0.63748,0.63682,0.58736,0.94823,0.56108
AT3G16030,0.58947,0.47535,0.64343,0.70377,0.61316,0.76801,0.51888,0.44876,0.62407,0.61674,0.89604,0.79275
AT1G12620,0.59016,0.76196,0.79743,0.95214,0.90024,0.61887,0.71926,0.76507,0.80047,0.88925,0.79291,0.74676
AT2G42950,0.59102,0.55061,0.58244,0.60408,0.92896,0.70974,0.50349,0.54924,0.59721,0.54142,0.69141,0.55965
AT2G22730,0.59119,0.83241,0.67367,0.80703,0.74619,0.5058,0.61622,0.64969,0.62486,0.64605,0.76684,0.49178
AT2G18196,0.59161,0.59009,0.56035,0.56319,0.60495,0.91034,0.60669,0.71569,0.59457,0.66516,0.88537,0.90024
AT1G72210,0.59209,0.74256,0.63966,0.79112,0.55221,0.45362,0.44536,0.46649,0.51957,0.7151,0.70374,0.37305
AT1G28250,0.59242,0.54246,0.63594,0.6033,0.56874,0.89658,0.64221,0.70295,0.58875,0.66405,0.55261,0.77756
AT5G48150,0.59456,0.56655,0.62417,0.72484,0.67865,0.72184,0.66271,0.63746,0.7148,0.82781,0.97808,0.81081
AT2G34670,0.59545,0.64631,0.53259,0.55807,0.57956,0.41609,0.49168,0.54577,0.54258,0.48766,0.97247,0.41721
AT4G37970,0.59558,0.59161,0.56716,0.58309,0.44269,0.29468,0.74238,0.71194,0.62522,0.69438,0.87639,0.49805
AT1G33340,0.59695,0.67925,0.89579,0.69526,0.70792,0.72928,0.64726,0.58355,0.52823,0.70008,0.5281,0.83309
AT1G47578,0.59722,0.59448,0.50046,0.90437,0.61538,0.65095,0.7003,0.50704,0.69662,0.57266,0.56575,0.51376
AT1G29380,0.59865,0.63406,0.58343,0.59171,0.48429,0.49957,0.76587,0.75049,0.75837,0.63281,0.98516,0.63552
AT1G64210,0.59914,0.69177,0.73813,0.73551,0.99469,0.66641,0.54363,0.55163,0.69778,0.5773,0.14526,0.36299
AT3G06460,0.60012,0.69336,0.7907,0.85997,0.6503,0.75399,0.60773,0.72502,0.67543,0.76762,0.03945,0.79997
AT1G29330,0.60052,0.52772,0.56862,0.5446,0.55646,0.85854,0.65548,0.63896,0.51865,0.61395,0.711,0.79383
AT1G21580,0.60149,0.79955,0.63243,0.88005,0.65088,0.47054,0.46529,0.49538,0.63046,0.54961,0.62061,0.40304
AT4G25890,0.60283,0.50836,0.58711,0.59017,0.48861,0.80715,0.86783,0.78795,0.80385,0.70905,0.50547,0.90073
AT3G23920,0.60287,0.53129,0.59346,0.651,0.74475,0.71158,0.58499,0.53086,0.57142,0.71446,0.94797,0.77901
AT3G62050,0.60393,0.76964,0.70222,0.81294,0.76754,0.56911,0.67314,0.91618,0.89424,0.65042,0.60521,0.68336
AT3G54290,0.60416,0.57562,0.61125,0.56013,0.73946,0.77901,0.63295,0.58683,0.65858,0.5919,0.97214,0.78494
AT3G10970,0.60568,0.54899,0.67189,0.56582,0.66546,0.78424,0.62363,0.64901,0.62735,0.68867,0.96216,0.86239
AT1G78070,0.60721,0.60302,0.59604,0.49331,0.49882,0.70507,0.6363,0.65678,0.64245,0.63669,0.85818,0.84177
AT1G75390,0.60863,0.55401,0.65182,0.69812,0.92614,0.50095,0.57161,0.44502,0.50048,0.61275,0.67715,0.43271
AT3G62830,0.61042,0.68214,0.71579,0.65731,0.96646,0.46463,0.64993,0.59779,0.60211,0.63174,0.57683,0.48309
AT1G60970,0.61053,0.58641,0.76286,0.42343,0.54547,0.12666,0.68103,0.24458,0.68872,0.85723,0.53122,0.46714
AT3G51330,0.61137,0.58733,0.49078,0.39197,0.91955,0.77572,0.53532,0.50525,0.50357,0.41076,0.43003,0.42932
AT1G78420,0.61243,0.65671,0.67332,0.66827,0.72924,0.71364,0.60924,0.58021,0.65471,0.71171,0.96368,0.68796
AT1G16710,0.61305,0.7749,0.67531,0.80952,0.66706,0.46516,0.52214,0.51617,0.65055,0.61691,0.58621,0.4976
AT2G26830,0.61391,0.53612,0.64249,0.63445,0.65886,0.96148,0.74329,0.65551,0.69237,0.64537,0.76926,0.81283
AT3G03790,0.61403,0.7929,0.62715,0.81821,0.67133,0.54588,0.59685,0.64359,0.60087,0.62676,0.91331,0.50929
AT4G29310,0.6163,0.88754,0.80953,0.81775,0.72106,0.59619,0.68398,0.60801,0.73602,0.57786,0.42843,0.50013
AT2G05580,0.61793,0.63302,0.49114,0.33383,0.27814,0.14822,0.10924,0.54035,0.25648,0.31139,0.13572,0.23574
AT2G41160,0.61828,0.55874,0.62855,0.59074,0.85171,0.76675,0.60916,0.57346,0.58554,0.66947,0.99208,0.72513
AT2G28670,0.61877,0.71646,0.80554,0.71533,0.63165,0.82843,0.74419,0.67512,0.81035,0.95919,0.55799,0.9269
AT2G47310,0.61884,0.8549,0.70593,0.73055,0.75004,0.55019,0.62718,0.64667,0.7772,0.62525,0.51436,0.51532
AT1G08840,0.61915,0.8199,0.79287,0.96588,0.75013,0.68507,0.67563,0.70349,0.85283,0.67078,0.6188,0.69804
AT5G44750,0.61942,0.84614,0.63581,0.81682,0.64481,0.46161,0.46782,0.60541,0.74879,0.64927,0.63209,0.36945
AT3G15790,0.6199,0.62647,0.56474,0.61683,0.65784,0.74315,0.71982,0.77965,0.66688,0.69466,0.98087,0.897
AT2G28315,0.62048,0.54726,0.57417,0.58476,0.88265,0.82469,0.52288,0.44512,0.5346,0.55007,0.66752,0.73815
AT3G23430,0.62051,0.79303,0.56077,0.61294,0.48993,0.18431,0.46354,0.50442,0.46854,0.58381,0.39569,0.20986
AT5G04310,0.62109,0.68269,0.78087,0.59791,0.91028,0.51563,0.57644,0.527,0.63561,0.57493,0.35614,0.39022
AT1G77760,0.62283,0.77178,0.64955,0.80459,0.87932,0.29798,0.43863,0.43893,0.56679,0.71177,0.08555,0.26444
AT4G00760,0.62314,0.7993,0.67361,0.85861,0.8277,0.52369,0.56389,0.75138,0.82627,0.7248,0.63625,0.51535
AT4G13870,0.62406,0.75456,0.68325,0.6187,0.6849,0.74419,0.74875,0.8675,0.71947,0.6531,0.49246,0.75754
AT3G63180,0.62537,0.76369,0.64533,0.75638,0.69629,0.53582,0.64435,0.48897,0.64095,0.67825,0.82408,0.53101
AT1G70780,0.62635,0.51687,0.52222,0.56636,0.8794,0.77518,0.58572,0.59085,0.65254,0.59463,0.53293,0.89
AT3G51410,0.62819,0.80154,0.53897,0.79156,0.93693,0.9509,0.74827,0.45394,0.35238,0.54996,0.13741,0.52957
AT2G19440,0.6287,0.67909,0.79704,0.44848,0.54773,0.74774,0.65991,0.86381,0.49131,0.65985,0.65368,0.64958
AT1G07250,0.62965,0.58038,0.63316,0.69865,0.62648,0.79057,0.64388,0.69435,0.711,0.70852,0.95008,0.98062
AT1G05170,0.62989,0.60772,0.72593,0.67308,0.65988,0.88306,0.8041,0.62105,0.62986,0.76734,0.67128,0.86533
AT5G50140,0.62994,0.51618,0.05868,0.10536,0.12243,0.03411,0.3761,0.68523,0.11814,0.34294,0.61968,0.07704
AT2G36810,0.6312,0.81528,0.70914,0.87152,0.69062,0.43899,0.52366,0.54553,0.70921,0.67919,0.61329,0.44314
AT5G13950,0.63161,0.79614,0.64835,0.80101,0.74963,0.58475,0.57641,0.58513,0.68122,0.67197,0.89306,0.60419
AT1G79270,0.63182,0.63413,0.68961,0.589,0.72203,0.59654,0.58092,0.63981,0.68291,0.68312,0.9656,0.58959
AT1G36160,0.63187,0.81606,0.67364,0.9415,0.6659,0.4759,0.56595,0.59819,0.68837,0.65371,0.66237,0.48792
AT1G19220,0.63204,0.83744,0.65643,0.75969,0.74705,0.41024,0.62602,0.54529,0.70759,0.636,0.51523,0.45559
AT1G08340,0.63233,0.68323,0.89052,0.91558,0.61057,0.64059,0.76068,0.74647,0.74096,0.8557,0.29967,0.63798
AT5G05250,0.63254,0.57255,0.99255,0.59098,0.38366,0.04363,0.67172,0.4033,0.69512,0.49986,0.07691,0.03698
AT1G49840,0.63407,0.65647,0.59139,0.71223,0.85845,0.88385,0.69456,0.6973,0.73381,0.67211,0.87962,0.92106
AT1G18060,0.63487,0.72049,0.73866,0.61922,0.54841,0.61346,0.71434,0.89521,0.7137,0.75158,0.52964,0.65362
AT1G15580,0.63499,0.37738,0.38725,0.4638,0.2195,0.20827,0.87899,0.43938,0.58029,0.34768,0.12075,0.32333
AT3G06860,0.6358,0.67847,0.67727,0.73145,0.75934,0.82491,0.70518,0.66955,0.72581,0.78863,0.97771,0.85695
AT4G26520,0.63735,0.28484,0.27578,0.33028,0.8293,0.30838,0.42693,0.50623,0.71111,0.29232,0.45477,0.3849
AT1G78000,0.63758,0.53192,0.8166,0.6243,0.59072,0.71019,0.69471,0.51741,0.88268,0.41294,0.14779,0.38791
AT5G59940,0.63816,0.89631,0.81951,0.74686,0.71067,0.89192,0.65124,0.70752,0.71374,0.74675,0.63475,0.83326
AT4G10550,0.63946,0.67298,0.43145,0.39574,0.98399,0.28856,0.36822,0.56708,0.40525,0.29281,0.287,0.2638
AT5G65687,0.64063,0.70267,0.73609,0.75446,0.8221,0.87304,0.80177,0.72814,0.68682,0.74166,0.95908,0.85104
AT3G07560,0.64185,0.72677,0.6467,0.68933,0.83462,0.75069,0.58075,0.58762,0.61331,0.72619,0.9566,0.72401
AT4G26750,0.64194,0.71273,0.58122,0.60614,0.77754,0.55633,0.59266,0.5918,0.58483,0.55157,0.98298,0.59803
AT1G20480,0.64212,0.87448,0.66676,0.84943,0.6505,0.52227,0.54608,0.69609,0.60151,0.71039,0.54799,0.56127
AT4G30400,0.64289,0.57917,0.63846,0.70228,0.7703,0.83674,0.68274,0.69874,0.69423,0.67072,0.9616,0.8027
AT4G19020,0.64337,0.84841,0.65785,0.89424,0.71682,0.49604,0.57685,0.59019,0.79263,0.68314,0.5343,0.46077
AT3G27260,0.64542,0.80667,0.69056,0.82508,0.74366,0.56155,0.57537,0.5875,0.70922,0.74269,0.83723,0.53828
AT5G52660,0.64561,0.68541,0.70924,0.64684,0.84355,0.90356,0.61373,0.76199,0.71154,0.67918,0.93742,0.81139
AT1G33240,0.64568,0.8606,0.79497,0.86295,0.78793,0.50223,0.54105,0.51226,0.59708,0.72974,0.39976,0.49997
AT1G59820,0.64804,0.7429,0.64833,0.74509,0.7633,0.59613,0.56383,0.47962,0.60636,0.60251,0.95993,0.56507
AT4G18630,0.64842,0.56751,0.72754,0.66254,0.91027,0.50996,0.75416,0.94593,0.76714,0.53325,0.81808,0.5186
AT4G11570,0.65019,0.64035,0.66085,0.65121,0.66621,0.89593,0.62014,0.68809,0.66915,0.71105,0.84387,0.91102
AT1G01960,0.65045,0.81505,0.7043,0.81417,0.73111,0.47225,0.57315,0.60846,0.67479,0.6295,0.64507,0.48985
AT2G45760,0.65112,0.44363,0.44468,0.50447,0.53757,0.55462,0.96562,0.29743,0.73292,0.68817,0.66951,0.70355
AT1G60930,0.6521,0.67325,0.60788,0.79399,0.80066,0.52939,0.54118,0.55868,0.59522,0.48753,0.49939,0.52322
AT5G27240,0.65222,0.81336,0.65131,0.88201,0.64826,0.47069,0.74249,0.54991,0.73088,0.63077,0.61728,0.50106
AT5G08470,0.65225,0.83966,0.68723,0.85853,0.75046,0.60499,0.60943,0.64539,0.65298,0.64118,0.83801,0.61007
AT4G17460,0.65271,0.87869,0.67641,0.68874,0.86647,0.72248,0.81574,0.8335,0.85891,0.97271,0.86112,0.87699
AT5G65495,0.65447,0.54661,0.537,0.52577,0.43946,0.85135,0.62692,0.68166,0.52518,0.57726,0.42961,0.73383
AT4G02510,0.6545,0.77698,0.65381,0.74438,0.7211,0.54728,0.59897,0.58645,0.66833,0.58763,0.69428,0.63117
AT4G32295,0.6552,0.60178,0.6031,0.63882,0.7044,0.89751,0.65413,0.58795,0.63614,0.59921,0.86192,0.71035
AT3G10670,0.65542,0.75301,0.68158,0.67688,0.86951,0.60751,0.65731,0.65533,0.6178,0.63556,0.53615,0.58406
AT5G64270,0.65594,0.79816,0.62794,0.71587,0.69783,0.52813,0.58931,0.56985,0.65271,0.65143,0.81122,0.53994
AT3G43230,0.65709,0.66964,0.69204,0.70202,0.76521,0.90136,0.62689,0.62889,0.61115,0.70543,0.91795,0.7912
AT1G66020,0.6571,0.58009,0.66934,0.86663,0.7157,0.42005,0.78851,0.47134,0.54761,0.56672,0.82994,0.54193
AT2G46900,0.65712,0.83923,0.75233,0.78579,0.66802,0.51003,0.52261,0.5458,0.53582,0.62375,0.63618,0.45977
AT5G64740,0.65764,0.85674,0.704,0.69024,0.59677,0.41702,0.60013,0.60569,0.62263,0.59864,0.46132,0.41516
AT3G47600,0.65918,0.5071,0.45259,0.5968,0.84696,0.60136,0.65258,0.58756,0.51915,0.48986,0.92593,0.55747
AT5G13870,0.65946,0.75312,0.8513,0.82884,0.76324,0.64549,0.54911,0.64266,0.58855,0.76077,0.65276,0.45951
AT1G01180,0.66052,0.72952,0.87352,0.56719,0.36482,0.64578,0.61211,0.72487,0.60262,0.67402,0.46505,0.69001
AT3G47990,0.66164,0.65473,0.60114,0.64446,0.68584,0.69156,0.59523,0.66014,0.65062,0.74165,0.98814,0.68516
AT3G61010,0.66172,0.83101,0.68258,0.82928,0.57301,0.44548,0.51583,0.5615,0.64466,0.6362,0.4471,0.38906
AT4G30190,0.66211,0.68098,0.67797,0.834,0.93874,0.50616,0.50892,0.36717,0.61556,0.5871,0.22754,0.30514
AT2G44790,0.66261,0.58174,0.56325,0.48414,0.75405,0.81146,0.5695,0.52159,0.48357,0.5421,0.94251,0.63306
AT2G18960,0.66301,0.79515,0.66856,0.74918,0.72667,0.58413,0.63876,0.54623,0.70267,0.72464,0.65981,0.57652
AT1G63800,0.66317,0.79705,0.94049,0.87551,0.80459,0.94244,0.60238,0.83027,0.6392,0.8454,0.56958,0.75087
AT3G01710,0.66322,0.49036,0.65372,0.6659,0.60699,0.46425,0.91875,0.90171,0.8649,0.66445,0.89143,0.61755
AT1G09450,0.66369,0.62631,0.66718,0.77101,0.76534,0.57896,0.69932,0.70648,0.65603,0.63367,0.63118,0.63991
AT1G11080,0.6638,0.62197,0.36582,0.46694,0.85936,0.05231,0.23197,0.47592,0.34025,0.24256,0.0796,0.12056
AT4G02040,0.66447,0.69166,0.63211,0.65955,0.53423,0.68194,0.79225,0.7728,0.89975,0.83739,0.57109,0.71018
AT2G22090,0.66459,0.65897,0.68333,0.70066,0.82425,0.92996,0.64988,0.65366,0.70065,0.68012,0.81162,0.94136
AT5G10940,0.66468,0.87858,0.76617,0.80553,0.79799,0.66104,0.67585,0.74287,0.81515,0.7563,0.82844,0.60884
AT1G21150,0.66642,0.68814,0.62569,0.7511,0.59032,0.75962,0.74249,0.89104,0.66436,0.74144,0.64902,0.66893
AT1G01780,0.66652,0.72203,0.9248,0.81701,0.85619,0.71887,0.69412,0.76149,0.7683,0.77999,0.32589,0.58008
AT1G67590,0.66705,0.73162,0.91639,0.93499,0.76604,0.7685,0.64188,0.69968,0.7361,0.80197,0.72935,0.78133
AT1G30290,0.66705,0.88064,0.68684,0.73958,0.72716,0.72205,0.72553,0.84345,0.79826,0.72367,0.76996,0.69174
AT4G20740,0.66846,0.83251,0.77167,0.76512,0.71393,0.5791,0.85081,0.75816,0.80066,0.7051,0.62748,0.68665
AT5G40100,0.6696,0.81733,0.72781,0.86458,0.68093,0.65704,0.56224,0.58381,0.66835,0.59818,0.54334,0.51307
AT1G14830,0.6715,0.69661,0.7098,0.73303,0.76801,0.668,0.70917,0.69064,0.73465,0.71288,0.95415,0.68265
AT3G49830,0.672,0.36241,0.47486,0.38694,0.90115,0.46087,0.57272,0.66429,0.59362,0.56013,0.529,0.51762
AT1G71220,0.67239,0.82688,0.73262,0.87433,0.74288,0.51635,0.64672,0.6278,0.71491,0.67779,0.66324,0.5403
AT2G27040,0.674,0.79078,0.76705,0.89471,0.87161,0.62229,0.74726,0.70674,0.83139,0.67761,0.86271,0.62209
AT5G61780,0.67414,0.84487,0.75233,0.84274,0.76366,0.57233,0.68339,0.67309,0.76063,0.72715,0.65792,0.59383
AT4G19120,0.67492,0.62394,0.66759,0.6734,0.79586,0.64767,0.74379,0.66289,0.69899,0.58506,0.60669,0.64278
AT1G61580,0.67511,0.58426,0.64274,0.73063,0.75717,0.67181,0.81454,0.73363,0.84076,0.67606,0.76908,0.84361
AT5G12120,0.67577,0.8048,0.68448,0.70655,0.71456,0.5505,0.60122,0.60929,0.62772,0.63794,0.67795,0.53793
AT5G64360,0.67609,0.85103,0.69421,0.76967,0.70027,0.56035,0.56787,0.63627,0.64864,0.76136,0.61903,0.51885
AT2G19930,0.67631,0.76586,0.60157,0.81106,0.7564,0.70202,0.5312,0.60505,0.59104,0.44838,0.60651,0.47154
AT3G55640,0.67657,0.72464,0.73541,0.7403,0.64826,0.70896,0.63078,0.72314,0.74611,0.8047,0.95299,0.76727
AT2G36420,0.67725,0.7434,0.5967,0.64661,0.56493,0.48113,0.67498,0.95579,0.75864,0.64665,0.75774,0.54199
AT1G07510,0.67734,0.74715,0.62338,0.7395,0.77047,0.61883,0.66052,0.66933,0.72121,0.7442,0.97018,0.70173
AT4G28730,0.67825,0.65405,0.64737,0.63153,0.70429,0.90469,0.7419,0.7962,0.76367,0.60134,0.73134,0.89088
AT5G66850,0.67955,0.75799,0.7092,0.70822,0.80591,0.54719,0.63548,0.6712,0.70196,0.63094,0.76759,0.58034
AT5G15710,0.68036,0.74399,0.92022,0.90834,0.6954,0.89183,0.73805,0.82841,0.68725,0.72178,0.70948,0.69632
AT5G17890,0.68249,0.81731,0.66949,0.74354,0.71343,0.33552,0.49583,0.55233,0.57732,0.51611,0.53092,0.31683
AT2G48030,0.68294,0.86611,0.79415,0.72825,0.80275,0.43851,0.59566,0.69441,0.72592,0.87945,0.82489,0.51062
AT2G46390,0.68312,0.59376,0.62841,0.62122,0.32021,0.65714,0.75669,0.78952,0.59047,0.77342,0.29136,0.76569
AT5G56720,0.68321,0.45964,0.63691,0.55128,0.62342,0.58586,0.70516,0.71956,0.76537,0.52951,0.98505,0.85288
AT2G21390,0.68364,0.83583,0.70168,0.78619,0.74188,0.56552,0.60927,0.58265,0.65053,0.62822,0.70492,0.53173
AT1G13930,0.68411,0.62887,0.54525,0.43022,0.3621,0.56336,0.63635,0.92149,0.55761,0.55814,0.51993,0.66364
AT5G19600,0.68448,0.61056,0.46898,0.56092,0.85088,0.48735,0.52347,0.64081,0.66532,0.53997,0.25275,0.62185
AT4G23750,0.68476,0.81733,0.65818,0.78423,0.95292,0.75407,0.76735,0.67354,0.70064,0.74989,0.87182,0.74325
AT3G02610,0.68759,0.60184,0.53031,0.40593,0.41519,0.28508,0.87689,0.75921,0.67929,0.49452,0.24705,0.34045
AT3G08020,0.68791,0.78012,0.75323,0.93342,0.9168,0.77708,0.74165,0.79746,0.83527,0.77149,0.88627,0.70973
AT5G23490,0.68886,0.75296,0.70264,0.82649,0.86433,0.68514,0.65018,0.59321,0.79851,0.66627,0.96273,0.61795
AT5G51200,0.69017,0.81494,0.72694,0.91118,0.79006,0.50372,0.6356,0.60365,0.78863,0.64307,0.64753,0.49357
AT3G43600,0.69065,0.79726,0.80006,0.86268,0.87709,0.68195,0.69781,0.71167,0.82198,0.7342,0.63312,0.69042
AT1G01710,0.69067,0.68957,0.65387,0.66846,0.80539,0.76651,0.646,0.66502,0.66132,0.68477,0.90169,0.77795
AT4G04190,0.69138,0.79007,0.71074,0.84986,0.71617,0.73789,0.86389,0.94777,0.7339,0.85843,0.57566,0.79268
AT1G72250,0.69255,0.73898,0.74024,0.79702,0.67097,0.46384,0.86229,0.72805,0.93555,0.72981,0.75449,0.59096
AT3G12587,0.69408,0.57327,0.63568,0.71187,0.41886,0.83487,0.8477,0.80039,0.656,0.73338,0.43251,0.88122
AT3G21215,0.69493,0.83355,0.59834,0.76112,0.90047,0.56788,0.58393,0.731,0.74573,0.72054,0.82085,0.7099
AT2G29130,0.69505,0.51543,0.55772,0.52763,0.79409,0.65348,0.36751,0.34303,0.56957,0.44239,0.61273,0.70438
AT1G79120,0.69529,0.70222,0.61862,0.85889,0.6147,0.89034,0.80562,0.71795,0.69046,0.73773,0.77652,0.65779
AT1G12050,0.69577,0.70986,0.77128,0.77438,0.79694,0.89828,0.83157,0.80171,0.79185,0.71648,0.83898,0.99805
AT5G04970,0.69592,0.78092,0.74187,0.84549,0.69959,0.64558,0.79671,0.63553,0.6599,0.70084,0.27195,0.71131
AT5G35170,0.69621,0.90698,0.83771,0.86587,0.83337,0.80288,0.54978,0.78813,0.66867,0.5271,0.49023,0.60548
AT1G16800,0.69806,0.82189,0.71807,0.8605,0.73134,0.36497,0.56538,0.51892,0.7362,0.60857,0.55598,0.45145
AT1G73980,0.69818,0.82517,0.83352,0.83343,0.84426,0.88247,0.70882,0.72316,0.77124,0.80087,0.89764,0.87147
AT3G59410,0.69852,0.82258,0.63275,0.86901,0.7453,0.50029,0.56567,0.55047,0.72802,0.61859,0.67738,0.41918
AT2G25430,0.69855,0.84104,0.70935,0.68653,0.68396,0.5809,0.59172,0.61915,0.64144,0.66119,0.73388,0.56559
AT1G50480,0.69861,0.84933,0.75874,0.77375,0.72616,0.64524,0.63467,0.64406,0.55562,0.61666,0.55564,0.58915
AT1G79440,0.69894,0.69202,0.69325,0.72159,0.77072,0.72403,0.67013,0.67401,0.70913,0.76877,0.95663,0.7539
AT2G15910,0.7,0.59199,0.65102,0.64922,0.5688,0.8576,0.77619,0.75145,0.63644,0.68983,0.50534,0.76702
AT1G27180,0.70047,0.80534,0.75509,0.9109,0.68449,0.47849,0.65222,0.51837,0.61499,0.66302,0.50481,0.46841
AT5G07150,0.70074,0.85162,0.55401,0.48481,0.40009,0.22791,0.40687,0.5392,0.38562,0.36823,0.14436,0.13984
AT5G53150,0.70173,0.81469,0.72899,0.97013,0.75733,0.58448,0.64672,0.65462,0.68891,0.78451,0.68646,0.62207
AT2G43900,0.70288,0.90253,0.76281,0.69757,0.95207,0.4711,0.66554,0.88922,0.69905,0.51152,0.69905,0.45251
AT1G02890,0.70312,0.83716,0.75043,0.8123,0.71539,0.48679,0.5561,0.56459,0.7617,0.71424,0.64472,0.47465
AT3G13940,0.70353,0.67514,0.6779,0.7262,0.78059,0.54653,0.86346,0.75322,0.96231,0.79906,0.72982,0.77127
AT2G42160,0.70446,0.81655,0.73146,0.799,0.77904,0.72586,0.64943,0.71176,0.75724,0.84984,0.96765,0.65324
AT1G78580,0.70539,0.72699,0.81893,0.85202,0.73799,0.50696,0.69744,0.60645,0.80714,0.74169,0.63533,0.62648
AT1G77460,0.70596,0.82722,0.67872,0.83324,0.66098,0.51815,0.6292,0.68648,0.62573,0.53324,0.41881,0.49545
AT5G13160,0.70767,0.69203,0.71693,0.66929,0.83689,0.7021,0.68467,0.65494,0.64991,0.74527,0.99022,0.71417
AT5G39590,0.70811,0.61685,0.67417,0.62577,0.88301,0.79144,0.73245,0.62641,0.66565,0.64639,0.92184,0.85773
AT1G47380,0.70857,0.74759,0.81125,0.8862,0.90876,0.72064,0.71259,0.71511,0.773,0.78917,0.84155,0.67759
AT5G23630,0.70956,0.86298,0.77284,0.82546,0.82013,0.61066,0.68299,0.65439,0.80923,0.74447,0.7638,0.63332
AT1G34110,0.71,0.7636,0.67926,0.90822,0.76065,0.64771,0.68058,0.65105,0.7409,0.70799,0.86562,0.59227
AT2G33450,0.71049,0.55336,0.75714,0.51644,0.60314,0.71511,0.79183,0.89422,0.61069,0.55752,0.48153,0.69736
AT1G15510,0.71127,0.903,0.79979,0.96961,0.88962,0.66899,0.85328,0.81547,0.85636,0.68562,0.74498,0.58096
AT4G00585,0.71196,0.62568,0.67405,0.61579,0.5242,0.84237,0.80226,0.80198,0.68995,0.74042,0.48701,0.79126
AT5G45140,0.71211,0.84228,0.69059,0.81712,0.70903,0.39831,0.63125,0.5906,0.77279,0.67148,0.54354,0.42761
AT4G33640,0.71383,0.6379,0.66857,0.61969,0.44664,0.8061,0.73009,0.81251,0.68421,0.72479,0.45929,0.86742
AT1G76950,0.7144,0.82473,0.79436,0.79672,0.7236,0.5277,0.63948,0.57656,0.70002,0.59139,0.70831,0.51166
AT1G33360,0.71504,0.79547,0.81495,0.94134,0.81747,0.74829,0.00907,0.02289,0.01203,0.01238,0.01244,0.01248
AT5G53895,0.71603,0.72266,0.29835,0.55605,0.67058,0.26351,0.43185,0.48883,0.47748,0.33869,0.44001,0.51268
AT3G46280,0.71639,0.79033,0.72291,0.65349,0.85183,0.82541,0.31611,0.2867,0.26033,0.24594,0.0798,0.27151
AT3G52680,0.7167,0.78013,0.6871,0.63728,0.7304,0.66042,0.76676,0.77774,0.88117,0.72595,0.70168,0.65107
AT4G37630,0.71741,0.6752,0.679,0.75616,0.82628,0.93011,0.86042,0.85415,0.74819,0.78131,0.65839,0.91647
AT2G36410,0.71751,0.61517,0.71509,0.67,0.96483,0.78493,0.77465,0.70582,0.74399,0.64385,0.7806,0.71173
AT1G35220,0.71794,0.87057,0.76479,0.83189,0.74918,0.55756,0.67548,0.61108,0.68406,0.7265,0.65303,0.52639
AT4G23460,0.71804,0.82434,0.7639,0.75826,0.99391,0.65155,0.63215,0.61555,0.67953,0.68297,0.93204,0.55929
AT3G61640,0.71886,0.6319,0.64723,0.66605,0.70688,0.71013,0.86452,0.83668,0.86436,0.78962,0.5718,0.82467
AT4G32710,0.71962,0.8248,0.75102,0.78305,0.82735,0.53415,0.61236,0.83779,0.78936,0.83202,0.65369,0.57832
AT1G80210,0.72005,0.75823,0.82159,0.76987,0.92483,0.91401,0.68007,0.8112,0.73607,0.65778,0.74789,0.77776
AT3G15355,0.72105,0.79731,0.68644,0.7171,0.79,0.71744,0.74639,0.69003,0.63594,0.72782,0.95098,0.70645
AT5G59790,0.72133,0.65897,0.73622,0.83946,0.72893,0.71941,0.81923,0.71049,0.7117,0.79262,0.93429,0.97196
AT3G27150,0.72227,0.62396,0.79881,0.52519,0.71051,0.20117,0.71412,0.397,0.42926,0.32724,0.48663,0.16894
AT2G38270,0.72231,0.76038,0.69951,0.61628,0.75446,0.78373,0.79326,0.76156,0.69412,0.67177,0.73761,0.95071
AT1G34020,0.72234,0.67743,0.70035,0.70075,0.79858,0.75459,0.70677,0.91539,0.71874,0.68635,0.83739,0.79049
AT1G63740,0.72305,0.80264,0.73165,0.77436,0.71893,0.49968,0.53242,0.56389,0.60608,0.6306,0.58149,0.50175
AT5G09870,0.72347,0.87936,0.75636,0.69769,0.74969,0.46299,0.62801,0.61929,0.61365,0.57804,0.52607,0.42117
AT4G00040,0.72408,0.82274,0.71376,0.82442,0.80731,0.48395,0.63965,0.7549,0.84325,0.72599,0.80911,0.53901
AT3G62140,0.72413,0.70482,0.75316,0.69901,0.71714,0.76425,0.80862,0.84101,0.73311,0.88641,0.89336,0.9461
AT3G20930,0.7254,0.75739,0.90436,0.81641,0.86858,0.7008,0.79041,0.93213,0.79514,0.65726,0.98104,0.74041
AT4G10790,0.72569,0.81226,0.82106,0.8167,0.8226,0.83527,0.78796,0.70583,0.71391,0.79784,0.95104,0.79629
AT2G17570,0.72581,0.84992,0.88823,0.80588,0.82432,0.87654,0.72566,0.72079,0.71599,0.69932,0.79559,0.72398
AT5G08130,0.72614,0.87759,0.85389,0.85592,0.85097,0.58338,0.64674,0.77417,0.85562,0.94507,0.80713,0.64482
AT1G12110,0.72777,0.69609,0.80617,0.91625,0.76899,0.27659,0.80206,0.37529,0.89317,0.83305,0.07052,0.14497
AT5G16780,0.72781,0.8434,0.75645,0.79921,0.75776,0.47356,0.63977,0.59226,0.68604,0.68096,0.68929,0.55174
AT1G63650,0.72782,0.79504,0.76572,0.81502,0.69649,0.87938,0.81994,0.78141,0.79345,0.82005,0.57843,0.85547
AT3G01810,0.72806,0.93964,0.87231,0.84478,0.62798,0.43203,0.71029,0.73395,0.72848,0.6785,0.43673,0.393
AT5G48655,0.72849,0.74225,0.71212,0.64787,0.8109,0.89094,0.65759,0.72027,0.6361,0.69739,0.92454,0.7571
AT5G22780,0.72958,0.82511,0.75881,0.89105,0.87648,0.63664,0.70347,0.6312,0.77862,0.67184,0.87993,0.57577
AT2G41950,0.7297,0.63847,0.79661,0.71552,0.67117,0.8558,0.86026,0.88835,0.94827,0.71051,0.63806,0.86231
AT1G20980,0.73006,0.87696,0.78566,0.9509,0.70266,0.60499,0.70195,0.5876,0.72552,0.78098,0.68682,0.60793
AT4G19110,0.73042,0.81802,0.74698,0.83142,0.79492,0.80836,0.69036,0.67852,0.73978,0.83423,0.99973,0.78997
AT4G35410,0.73063,0.70361,0.75256,0.70339,0.6691,0.89938,0.85841,0.85344,0.73441,0.79281,0.75674,0.77631
AT4G16660,0.73072,0.79013,0.70451,0.80077,0.7439,0.69661,0.78926,0.79708,0.76434,0.72684,0.97477,0.80558
AT4G04972,0.73197,0.62126,0.66109,0.43481,0.36136,0.80263,0.55628,0.85278,0.60477,0.5769,0.17879,0.50447
AT3G20570,0.73212,0.58773,0.58126,0.48411,0.51399,0.55925,0.82744,0.84163,0.84899,0.56539,0.73119,0.70135
AT1G55340,0.73215,0.74185,0.82289,0.81315,0.80608,0.86487,0.93305,0.92864,0.90708,0.83052,0.90359,0.94792
AT4G30120,0.73296,0.62225,0.464,0.23061,0.17729,0.11141,0.92025,0.31304,0.49581,0.37816,0.06974,0.09796
AT5G21160,0.7343,0.84906,0.73815,0.82708,0.78225,0.46888,0.68397,0.67643,0.75397,0.65372,0.69822,0.51041
AT1G69310,0.73441,0.79747,0.8497,0.91693,0.75053,0.62544,0.5918,0.79239,0.7099,0.79664,0.74259,0.62902
AT1G53165,0.73499,0.9066,0.86161,0.92215,0.88248,0.7198,0.70113,0.79867,0.84445,0.90783,0.90076,0.69284
AT4G24060,0.7356,0.75627,0.73781,0.72121,0.78488,0.79356,0.64333,0.71737,0.75172,0.71867,0.9625,0.70601
AT4G02400,0.73569,0.81978,0.74629,0.90517,0.76804,0.46065,0.77335,0.68898,0.85849,0.74905,0.65914,0.66398
AT3G12120,0.73571,0.85089,0.70637,0.68461,0.67782,0.58262,0.54883,0.55565,0.46644,0.60968,0.62651,0.43063
AT3G44400,0.73628,0.87314,0.8617,0.76042,0.83068,0.62611,0.61623,0.62152,0.70227,0.72049,0.90109,0.60945
AT2G31290,0.73632,0.97425,0.79633,0.82598,0.72879,0.81148,0.69925,0.95926,0.82735,0.74637,0.70823,0.73748
AT5G23010,0.73635,0.88224,0.66381,0.69832,0.77637,0.61649,0.82382,0.95934,0.69943,0.66852,0.41929,0.68866
AT2G24150,0.73756,0.73473,0.80309,0.86082,0.67769,0.93578,0.74847,0.812,0.75431,0.94337,0.68276,0.92223
AT4G03390,0.73761,0.77862,0.82933,0.87558,0.95226,0.72777,0.71925,0.67613,0.80411,0.75463,0.96076,0.70082
AT1G56580,0.73763,0.57515,0.57871,0.64993,0.72318,0.767,0.8322,0.90731,0.77505,0.70264,0.84863,0.8742
AT1G19290,0.73858,0.84634,0.78231,0.92022,0.86166,0.67717,0.81669,0.82635,0.89612,0.80084,0.69623,0.7042
AT4G18820,0.73885,0.837,0.77959,0.86189,0.77959,0.57528,0.71102,0.62867,0.78437,0.69055,0.56452,0.52413
AT1G51170,0.74018,0.72833,0.77467,0.84163,0.66986,0.67034,0.8053,0.72064,0.77231,0.94129,0.91343,0.69498
AT2G45880,0.74061,0.85375,0.66368,0.86341,0.8214,0.57956,0.61281,0.58705,0.70581,0.64693,0.71856,0.49467
AT3G21240,0.74072,0.72916,0.78271,0.68111,0.61984,0.57111,0.92544,0.61895,0.73571,0.70265,0.6093,0.60163
AT1G62710,0.74078,0.79071,0.69185,0.72208,0.84003,0.40088,0.63044,0.54878,0.70524,0.72819,0.94313,0.67736
AT5G04870,0.74094,0.70598,0.66117,0.70969,0.76862,0.63118,0.74357,0.65683,0.72474,0.71328,0.96475,0.61771
AT5G14920,0.74176,0.62411,0.49276,0.47047,0.99437,0.46151,0.62875,0.66211,0.53576,0.41069,0.81415,0.47732
AT5G04830,0.74179,0.71876,0.75961,0.71319,0.7235,0.88799,0.69371,0.79788,0.66612,0.76221,0.87427,0.93507
AT1G07370,0.7419,0.60623,0.64181,0.63606,0.73431,0.85695,0.91629,0.81424,0.84371,0.7039,0.64475,0.92128
AT4G22340,0.74199,0.67157,0.78317,0.72435,0.82398,0.8299,0.71778,0.62946,0.70977,0.60566,0.9381,0.75838
AT3G01760,0.74293,0.60769,0.67723,0.60096,0.77296,0.5272,0.66274,0.68324,0.82698,0.50577,0.29039,0.4708
AT1G74720,0.74309,0.84651,0.73297,0.7918,0.69887,0.55987,0.64526,0.72953,0.86706,0.71028,0.74054,0.61387
AT5G67470,0.74358,0.84292,0.68058,0.65646,0.67989,0.43055,0.65579,0.73598,0.68204,0.63675,0.7884,0.47244
AT5G38560,0.7448,0.8551,0.75053,0.83864,0.80763,0.53899,0.57286,0.70188,0.72718,0.73757,0.83316,0.55595
AT5G15640,0.74501,0.622,0.70847,0.77823,0.67791,0.93096,0.89851,0.79467,0.85937,0.81299,0.9236,0.97161
AT5G35840,0.74577,0.90103,0.82921,0.93595,0.83458,0.84141,0.78502,0.78205,0.82778,0.86456,0.98675,0.83912
AT4G36840,0.74581,0.84839,0.677,0.81267,0.78802,0.82765,0.69776,0.7457,0.55551,0.67678,0.80698,0.76567
AT5G05170,0.74596,0.89177,0.80719,0.75524,0.7388,0.54044,0.68776,0.68959,0.69459,0.61614,0.58006,0.52153
AT3G03710,0.74609,0.8216,0.76045,0.87553,0.74959,0.6409,0.73678,0.76916,0.87699,0.73042,0.7225,0.68628
AT3G62080,0.74615,0.78038,0.77926,0.89815,0.78391,0.6067,0.67327,0.76405,0.77205,0.84049,0.91936,0.68806
AT4G30825,0.7481,0.6647,0.85144,0.82166,0.66066,0.58869,0.65656,0.83021,0.75344,0.70593,0.56336,0.84424
AT3G26400,0.74867,0.76104,0.76136,0.78355,0.80507,0.69605,0.75143,0.70311,0.76917,0.80576,0.97518,0.72937
AT1G62020,0.75049,0.88232,0.7632,0.88309,0.85933,0.6641,0.75575,0.70536,0.79423,0.76416,0.85623,0.70027
AT5G42630,0.75055,0.79878,0.95207,0.86548,0.66785,0.69628,0.6615,0.68193,0.67965,0.8939,0.61467,0.64135
AT2G29640,0.75139,0.7228,0.73136,0.82542,0.74063,0.86116,0.69674,0.72144,0.7485,0.65197,0.78302,0.736
AT4G36180,0.75147,0.90357,0.76396,0.87166,0.82064,0.62979,0.84012,0.82095,0.87188,0.76759,0.7225,0.75378
AT4G02070,0.75147,0.84736,0.73964,0.79743,0.74683,0.52385,0.69876,0.57655,0.77911,0.66253,0.62216,0.53093
AT5G13400,0.75277,0.47512,0.32833,0.3955,0.75109,0.51236,0.58013,0.52097,0.49581,0.46423,0.93513,0.52551
AT1G75310,0.75278,0.8979,0.85293,0.92468,0.76732,0.44412,0.65841,0.61425,0.72662,0.73527,0.67731,0.55984
AT2G35160,0.75313,0.90481,0.7498,0.96262,0.85132,0.58098,0.63408,0.78562,0.94224,0.75187,0.6746,0.53045
AT1G63810,0.75411,0.86726,0.73886,0.88688,0.76016,0.48842,0.73504,0.62345,0.82964,0.6787,0.62081,0.52821
AT3G63520,0.75589,0.8896,0.79548,0.82818,0.83655,0.75449,0.6309,0.79487,0.7399,0.8401,0.92088,0.82063
AT3G06730,0.75615,0.70026,0.68965,0.55661,0.70642,0.64909,0.67918,0.71253,0.85531,0.6013,0.60621,0.73614
AT3G55470,0.75751,0.684,0.66903,0.5746,0.62383,0.92785,0.66489,0.72534,0.62566,0.67047,0.72847,0.70491
AT1G53500,0.75823,0.80116,0.77928,0.82923,0.84479,0.7413,0.89504,0.8973,0.86458,0.86819,0.98294,0.82622
AT3G12200,0.75965,0.78783,0.76536,0.76587,0.92439,0.55361,0.80388,0.91895,0.86646,0.73283,0.89567,0.60639
AT3G55690,0.76003,0.685,0.55412,0.56274,0.79983,0.53093,0.70527,0.655,0.82678,0.50191,0.77766,0.71086
AT1G36730,0.76077,0.73502,0.74323,0.77089,0.90103,0.74387,0.86436,0.69344,0.82977,0.78335,0.96028,0.81399
AT5G63120,0.76096,0.85483,0.77218,0.8381,0.88743,0.73654,0.78053,0.64893,0.77878,0.7753,0.95127,0.72524
AT3G51340,0.76103,0.81103,0.42252,0.29862,0.36783,0.30579,0.60789,0.99562,0.53199,0.44339,0.28521,0.28018
AT1G11670,0.76112,0.70772,0.65073,0.67499,0.49845,0.82057,0.7096,0.78427,0.73708,0.76367,0.4113,0.97034
AT3G06660,0.76148,0.80013,0.7123,0.79668,0.79066,0.72519,0.83154,0.80538,0.75425,0.80822,0.84431,0.77533
AT3G01300,0.76157,0.78529,0.76794,0.76234,0.96314,0.91303,0.65364,0.75557,0.73638,0.81345,0.97747,0.80866
AT1G44750,0.76163,0.72116,0.76322,0.76736,0.78119,0.85771,0.80467,0.80315,0.78013,0.83724,0.94351,0.90282
AT1G61370,0.76167,0.88641,0.73937,0.75717,0.60796,0.61751,0.70624,0.56046,0.60585,0.64522,0.55196,0.55122
AT1G74090,0.76263,0.77284,0.70323,0.6636,0.7272,0.52799,0.81789,0.95897,0.76219,0.7351,0.54769,0.62383
AT4G20940,0.76295,0.81221,0.78357,0.69636,0.8195,0.60589,0.77889,0.80576,0.8614,0.63719,0.70521,0.61937
AT3G27160,0.76444,0.57115,0.83565,0.58599,0.72122,0.67533,0.90597,0.78207,0.68883,0.55643,0.54401,0.67173
AT4G25120,0.76451,0.93723,0.75984,0.85548,0.79855,0.5395,0.63204,0.74981,0.84469,0.84116,0.72844,0.53221
AT1G29230,0.76508,0.81712,0.8135,0.73181,0.63157,0.44728,0.79487,0.77622,0.73932,0.68801,0.28799,0.40156
AT5G17920,0.76569,0.80128,0.79752,0.87791,0.89958,0.89048,0.89758,0.77968,0.88112,0.84988,0.8275,0.9091
AT1G45000,0.76602,0.72431,0.76578,0.78459,0.81155,0.8614,0.87929,0.86502,0.87602,0.86368,0.96403,0.9563
AT5G45720,0.76661,0.71933,0.67799,0.92784,0.74559,0.62268,0.79549,0.57407,0.66013,0.65803,0.56205,0.64802
AT1G26740,0.76666,0.62906,0.66535,0.6914,0.64269,0.80262,0.84051,0.84964,0.76151,0.76742,0.56493,0.77787
AT5G14890,0.76686,0.65658,0.55664,0.51107,0.54224,0.42574,0.66147,0.85488,0.7255,0.62163,0.60686,0.53029
AT3G17410,0.76721,0.77528,0.7544,0.67838,0.78945,0.79042,0.62736,0.65763,0.69102,0.71762,0.99123,0.70964
AT5G41980,0.76724,0.59038,0.50304,0.68978,0.64168,0.67265,0.60296,0.80997,0.68296,0.53041,0.56628,0.55271
AT1G26840,0.76746,0.58529,0.74139,0.66412,0.6742,0.71309,0.9298,0.69929,0.75062,0.73302,0.61374,0.79116
AT5G55730,0.76795,0.73701,0.74033,0.72525,0.7436,0.79223,0.93481,0.8766,0.85071,0.70053,0.60235,0.88012
AT4G39952,0.76807,0.88138,0.64403,0.78912,0.71023,0.59101,0.71464,0.70518,0.71641,0.60653,0.71295,0.50321
AT4G13780,0.76836,0.84425,0.71784,0.77551,0.76922,0.55584,0.68768,0.60543,0.69331,0.68029,0.70317,0.56294
AT4G13040,0.7685,0.83071,0.87978,0.93126,0.78135,0.83198,0.84468,0.86671,0.86522,0.86177,0.72843,0.92997
AT1G76630,0.76887,0.86548,0.77891,0.91849,0.82225,0.61936,0.71266,0.70231,0.81885,0.74502,0.76309,0.60278
AT4G17300,0.76939,0.74247,0.80393,0.84437,0.80016,0.68036,0.7872,0.79944,0.85885,0.8057,0.92991,0.72574
AT5G13650,0.77077,0.85782,0.7596,0.78463,0.84198,0.63494,0.66412,0.69163,0.70821,0.62809,0.74148,0.61216
AT4G30440,0.77091,0.74357,0.80957,0.75497,0.79608,0.9103,0.72425,0.70813,0.77866,0.75915,0.8002,0.8626
AT5G02140,0.77094,0.63248,0.45308,0.45672,0.37091,0.52492,0.69835,0.92755,0.67298,0.61272,0.42762,0.45343
AT2G41460,0.77125,0.80109,0.79343,0.84232,0.74818,0.63222,0.7203,0.75993,0.99194,0.8294,0.74518,0.71315
AT4G08390,0.77135,0.74322,0.68762,0.79424,0.84165,0.82486,0.86387,0.91875,0.9273,0.80854,0.96259,0.89052
AT5G16270,0.77137,0.85725,0.78729,0.83282,0.76573,0.62625,0.68027,0.6374,0.79361,0.7424,0.7917,0.64261
AT4G30000,0.77189,0.87501,0.77365,0.8788,0.74908,0.68622,0.76881,0.81171,0.8021,0.76638,0.66656,0.61656
AT5G47550,0.77306,0.67719,0.80833,0.67046,0.49042,0.65726,0.8852,0.83671,0.77612,0.76927,0.37706,0.53232
AT4G24800,0.77317,0.90703,0.82466,0.85379,0.86091,0.79902,0.78089,0.81337,0.79114,0.74969,0.85955,0.75468
AT4G23740,0.77345,0.69926,0.80211,0.75864,0.82187,0.70498,0.90719,0.7928,0.85454,0.80037,0.95105,0.79018
AT2G28540,0.77363,0.88487,0.81264,0.90579,0.7966,0.65136,0.69445,0.74252,0.81033,0.81376,0.87556,0.70829
AT3G16320,0.77429,0.84075,0.71997,0.95732,0.99903,0.80132,0.70885,0.64391,0.73739,0.76279,0.73349,0.57023
AT1G53290,0.77439,0.71605,0.82584,0.84247,0.88807,0.91598,0.74586,0.81824,0.71885,0.76424,0.83016,0.80317
AT5G42560,0.77542,0.75447,0.80372,0.82268,0.78219,0.93271,0.76204,0.87595,0.75606,0.83847,0.93163,0.95069
AT1G04260,0.77619,0.65596,0.70024,0.63803,0.6158,0.79182,0.73187,0.82357,0.74346,0.73869,0.55693,0.88622
AT1G66520,0.77642,0.90699,0.85394,0.82287,0.80914,0.79895,0.87077,0.89676,0.8429,0.8948,0.68407,0.68441
AT5G61150,0.77662,0.88516,0.76792,0.82787,0.7083,0.54062,0.68739,0.68673,0.75945,0.74035,0.68988,0.58805
AT4G02560,0.77729,0.85206,0.78428,0.91186,0.89154,0.57809,0.72307,0.74127,0.75962,0.76219,0.7825,0.63427
AT5G51290,0.77763,0.89752,0.81152,0.87139,0.79313,0.73428,0.68633,0.72473,0.81799,0.93395,0.94127,0.71271
AT1G34210,0.7778,0.80363,0.76246,0.81332,0.77837,0.66574,0.69044,0.81544,0.86594,0.78205,0.92783,0.64422
AT5G43310,0.77822,0.87322,0.82617,0.84268,0.7135,0.5188,0.72426,0.71143,0.78193,0.69773,0.65269,0.58269
AT4G27850,0.77952,0.11992,0.24386,0.09754,0.11098,0.09039,0.82977,0.38375,0.56801,0.24794,0.05571,0.1744
AT4G10710,0.77968,0.8634,0.7777,0.91218,0.82589,0.66357,0.72337,0.75229,0.83031,0.78545,0.92161,0.7721
AT1G70330,0.78103,0.73518,0.82181,0.71321,0.70005,0.93935,0.74282,0.78124,0.70562,0.80178,0.53927,0.82332
AT2G26410,0.78168,0.82495,0.98151,0.82251,0.58548,0.46198,0.92179,0.86712,0.80274,0.71814,0.11317,0.36874
AT3G49140,0.78171,0.79093,0.85739,0.79631,0.86473,0.75257,0.73434,0.8548,0.82771,0.85172,0.91809,0.78744
AT2G18400,0.78227,0.61928,0.68526,0.69179,0.54874,0.83144,0.90267,0.7989,0.76925,0.71879,0.449,0.79476
AT5G12480,0.78345,0.8709,0.78798,0.81597,0.79835,0.74897,0.72185,0.74962,0.74618,0.79146,0.97992,0.76474
AT1G78590,0.78546,0.83638,0.86557,0.74567,0.7338,0.74858,0.79345,0.68336,0.72743,0.61491,0.71659,0.72717
AT2G47320,0.78579,0.75719,0.83265,0.76993,0.64149,0.90789,0.87455,0.94121,0.84126,0.92128,0.68067,0.9262
AT2G29510,0.7871,0.90601,0.86361,0.84107,0.77261,0.63895,0.85119,0.85948,0.8622,0.79526,0.85918,0.66354
AT5G24620,0.78714,0.86453,0.76071,0.80262,0.75061,0.54172,0.66193,0.80471,0.73087,0.74665,0.78385,0.55972
AT1G30270,0.78722,0.86985,0.86615,0.9275,0.94359,0.74628,0.02649,0.03016,0.02227,0.02039,0.0265,0.02213
AT3G62780,0.78898,0.70723,0.76177,0.54537,0.74235,0.6654,0.86175,0.91994,0.90796,0.62215,0.16813,0.34
AT2G15620,0.79022,0.53039,0.51663,0.52168,0.43134,0.21418,0.62316,0.42082,0.60025,0.52662,0.12032,0.28451
AT5G49460,0.79055,0.8224,0.85564,0.89064,0.85768,0.95904,0.88615,0.86161,0.8395,0.87167,0.94713,0.93424
AT5G37450,0.79092,0.70787,0.19137,0.09886,0.04536,0.10282,0.63461,0.77404,0.38152,0.09119,0.00334,0.0107
AT1G03760,0.79105,0.87114,0.76356,0.78788,0.74592,0.50471,0.71719,0.81086,0.73615,0.79779,0.6205,0.58036
AT3G13990,0.79129,0.86805,0.77262,0.88911,0.86159,0.60975,0.74699,0.67711,0.84017,0.77255,0.93717,0.71366
AT1G18610,0.79208,0.88228,0.78093,0.88247,0.9646,0.78864,0.81559,0.86725,0.93766,0.76781,0.99933,0.86352
AT4G01910,0.79221,0.86283,0.81023,0.78588,0.76515,0.87683,0.7449,0.73374,0.85833,0.92413,0.9051,0.84871
AT3G01120,0.79303,0.76905,0.78976,0.79077,0.99402,0.72899,0.87494,0.93713,0.94447,0.86412,0.83942,0.81339
AT3G56460,0.79346,0.74964,0.82415,0.75425,0.82637,0.91033,0.82616,0.89547,0.77969,0.81158,0.98795,0.98448
AT1G59760,0.79437,0.87591,0.77721,0.843,0.7916,0.54248,0.66715,0.62345,0.7177,0.56548,0.65984,0.56043
AT3G16840,0.79459,0.83321,0.81516,0.94378,0.79679,0.48841,0.73685,0.68946,0.89759,0.7901,0.70057,0.63808
AT2G24395,0.79462,0.72161,0.61882,0.78065,0.72744,0.7837,0.67203,0.66633,0.75366,0.67903,0.51693,0.66801
AT5G43010,0.79484,0.70826,0.71182,0.7713,0.802,0.79629,0.90609,0.82429,0.8471,0.80882,0.96988,0.88175
AT4G27180,0.79558,0.90424,0.8923,0.90705,0.83635,0.50623,0.82858,0.90907,0.87964,0.78891,0.68421,0.61399
AT1G18500,0.79727,0.86561,0.76043,0.82461,0.79601,0.73399,0.75639,0.68842,0.74466,0.73497,0.62823,0.71145
AT1G50460,0.79735,0.81841,0.78166,0.82913,0.88773,0.63327,0.72877,0.76254,0.86824,0.83662,0.90933,0.64818
AT5G60520,0.79753,0.75236,0.7737,0.87648,0.73123,0.87377,0.85636,0.71227,0.80915,0.94119,0.27185,0.95463
AT5G63380,0.79797,0.91814,0.87039,0.81472,0.86757,0.73221,0.66306,0.78194,0.72028,0.70039,0.66749,0.80237
AT1G49760,0.79825,0.86285,0.77489,0.82703,0.83266,0.64026,0.75897,0.6598,0.81252,0.70766,0.7187,0.66449
AT3G13610,0.79836,0.62916,0.62533,0.51409,0.79949,0.90841,0.85957,0.48697,0.53802,0.40871,0.68759,0.38096
AT5G52430,0.79976,0.91123,0.87585,0.86448,0.86093,0.75694,0.73011,0.80355,0.74072,0.8664,0.86975,0.72348
AT4G24560,0.80046,0.8769,0.8125,0.84758,0.81506,0.65719,0.71163,0.69127,0.76262,0.72401,0.81024,0.62182
AT4G32420,0.80048,0.92359,0.79935,0.82826,0.76631,0.47048,0.70644,0.79422,0.81699,0.73968,0.66269,0.51695
AT3G14240,0.80193,0.88388,0.724,0.80856,0.79314,0.6168,0.71248,0.80027,0.7325,0.70867,0.8169,0.60765
AT2G20635,0.80483,0.75681,0.83043,0.78344,0.81255,0.71842,0.88539,0.88305,0.95208,0.74421,0.89784,0.67537
AT1G56350,0.80518,0.90995,0.82754,0.84579,0.90041,0.90148,0.86406,0.87619,0.74329,0.80404,0.94127,0.80791
AT3G12610,0.80563,0.73457,0.81995,0.71392,0.67211,0.88645,0.91665,0.80476,0.79072,0.92358,0.4539,0.88245
AT1G77480,0.80577,0.81442,0.82359,0.80076,0.94699,0.81992,0.77392,0.89623,0.88343,0.83204,0.9769,0.73827
AT3G30300,0.806,0.91742,0.87594,0.99282,0.8289,0.77602,0.88048,0.78545,0.93187,0.94142,0.88265,0.79265
AT2G21660,0.80603,0.77039,0.69032,0.75232,0.6771,0.84671,0.79746,0.75364,0.70398,0.74961,0.62863,0.73419
AT3G57580,0.80677,0.81916,0.90012,0.83517,0.75864,0.80437,0.96562,0.8386,0.76783,0.82695,0.71146,0.75089
AT1G01490,0.80725,0.81027,0.99035,0.87254,0.74789,0.66782,0.83262,0.70848,0.88166,0.86837,0.49448,0.6869
AT4G03560,0.8078,0.94418,0.85889,0.89738,0.91919,0.81364,0.83472,0.86653,0.83414,0.87058,0.93391,0.77749
AT2G19600,0.80814,0.91554,0.88213,0.84887,0.89649,0.719,0.71298,0.76622,0.82843,0.89587,0.79354,0.60645
AT5G48440,0.80862,0.87755,0.7901,0.72105,0.71307,0.64686,0.69662,0.71664,0.72518,0.76574,0.60725,0.62406
AT1G08760,0.80894,0.8462,0.92881,0.96503,0.85144,0.71976,0.79795,0.87855,0.84796,0.90561,0.92552,0.82668
AT4G26500,0.80911,0.7141,0.7908,0.73016,0.87993,0.89808,0.85661,0.82274,0.8153,0.90474,0.87758,0.91482
AT2G36200,0.80917,0.7101,0.75001,0.86642,0.86278,0.6048,0.82137,0.78879,0.84,0.68215,0.88443,0.73263
AT2G36880,0.80965,0.72376,0.78218,0.69648,0.65871,0.77399,0.97116,0.78461,0.84323,0.81428,0.83041,0.85461
AT3G28950,0.80973,0.69979,0.743,0.7624,0.78482,0.87749,0.80429,0.86667,0.77302,0.80961,0.63836,0.9256
AT1G79820,0.81011,0.81317,0.84712,0.84551,0.91815,0.6317,0.78307,0.69403,0.78744,0.7528,0.71898,0.57344
AT5G46160,0.81109,0.74336,0.77134,0.76548,0.64634,0.84939,0.96434,0.90274,0.86695,0.86276,0.60248,0.83765
AT1G70410,0.81145,0.4837,0.61451,0.58922,0.55983,0.31595,0.92984,0.49803,0.69105,0.51508,0.087,0.3181
AT2G01350,0.81174,0.77892,0.78635,0.78278,0.7795,0.90024,0.88829,0.8907,0.82235,0.87854,0.92904,0.92195
AT1G63690,0.81185,0.88363,0.8916,0.90494,0.90572,0.98384,0.79852,0.83374,0.85774,0.87849,0.89108,0.92984
AT3G46960,0.81238,0.90729,0.8186,0.98476,0.83912,0.62946,0.72978,0.75633,0.85437,0.74385,0.83119,0.60185
AT1G53700,0.81263,0.77489,0.91885,0.81808,0.51974,0.56583,0.86092,0.53226,0.57498,0.78304,0.28819,0.79551
AT1G01020,0.81367,0.85985,0.92189,0.89598,0.82445,0.82001,0.82593,0.96034,0.97916,0.89569,0.87092,0.84856
AT4G22320,0.81425,0.68398,0.68119,0.78285,0.69926,0.80127,0.95077,0.80342,0.88046,0.85287,0.82123,0.91979
AT4G35580,0.81431,0.90142,0.90919,0.84049,0.85838,0.87356,0.89638,0.86007,0.85507,0.84934,0.94471,0.86827
AT5G38530,0.81461,0.78488,0.85261,0.83221,0.67375,0.73071,0.93712,0.8275,0.82313,0.86757,0.51802,0.84328
AT3G17830,0.81503,0.92957,0.75925,0.90494,0.87923,0.69378,0.77197,0.78255,0.90987,0.73449,0.66742,0.55595
AT5G46570,0.81515,0.81536,0.88679,0.89421,0.91389,0.90632,0.96744,0.84907,0.83592,0.76173,0.77997,0.85433
AT5G56980,0.81547,0.78647,0.93453,0.83827,0.83373,0.92478,0.92749,0.70814,0.83883,0.90545,0.7609,0.88295
AT1G63100,0.81583,0.80398,0.70901,0.92642,0.76481,0.44202,0.85685,0.72322,0.95203,0.6592,0.65213,0.5286
AT5G63810,0.8162,0.86624,0.7849,0.85833,0.7858,0.66775,0.87215,0.9431,0.8257,0.74245,0.6778,0.67358
AT4G40050,0.81678,0.90931,0.93195,0.8912,0.91945,0.78039,0.7652,0.76364,0.76982,0.82574,0.72531,0.65146
AT1G66330,0.81758,0.84651,0.77331,0.8808,0.84669,0.92383,0.78099,0.84215,0.8182,0.84766,0.94876,0.8671
AT2G17033,0.81801,0.8688,0.80066,0.81207,0.8679,0.89079,0.77828,0.87937,0.7251,0.70856,0.67781,0.7881
AT2G02570,0.81802,0.89305,0.76935,0.87695,0.83227,0.78868,0.7491,0.75039,0.82154,0.86976,0.84674,0.74998
AT3G63130,0.81803,0.73711,0.74485,0.78689,0.83673,0.77479,0.89206,0.85208,0.92783,0.82462,0.82824,0.81769
AT2G17442,0.81825,0.72346,0.71101,0.81803,0.8162,0.83511,0.80054,0.93447,0.60633,0.78613,0.59204,0.56894
AT5G45220,0.81827,0.88307,0.82845,0.41742,0.5756,0.52489,0.52392,0.70228,0.45429,0.36403,0.20264,0.32049
AT3G44750,0.81884,0.73856,0.73012,0.77027,0.65656,0.68433,0.91077,0.83283,0.92253,0.85067,0.55292,0.80605
AT2G35330,0.81927,0.92196,0.86606,0.90605,0.86934,0.66047,0.7613,0.77603,0.84948,0.90125,0.87722,0.75125
AT4G32285,0.82003,0.89114,0.82209,0.77351,0.8486,0.73911,0.74653,0.77077,0.74903,0.78934,0.89823,0.72758
AT1G62130,0.82027,0.84868,0.80822,0.8428,0.81721,0.50291,0.65083,0.60236,0.77629,0.63532,0.63838,0.469
AT5G19690,0.82052,0.88084,0.83205,0.89063,0.88164,0.76712,0.8523,0.87193,0.88721,0.86343,0.94304,0.7889
AT1G80810,0.82076,0.90552,0.92294,0.8702,0.78705,0.53248,0.68677,0.78319,0.81057,0.79541,0.78546,0.69508
AT2G16770,0.82124,0.70679,0.8114,0.7541,0.8358,0.96933,0.8475,0.76435,0.74628,0.67018,0.88055,0.87821
AT3G21390,0.82155,0.81356,0.84602,0.74527,0.71793,0.64318,0.7823,0.88353,0.80924,0.77529,0.57734,0.70699
AT5G50390,0.82156,0.83162,0.77382,0.95804,0.75961,0.79498,0.84915,0.85103,0.89516,0.95392,0.6062,0.81916
AT1G04130,0.82171,0.79811,0.74054,0.79274,0.83768,0.74011,0.86209,0.79551,0.89014,0.75068,0.9539,0.97055
AT5G32450,0.82189,0.70582,0.79099,0.7882,0.79807,0.94212,0.8278,0.76073,0.82085,0.73307,0.75189,0.917
AT2G26730,0.82222,0.84408,0.86524,0.8222,0.9152,0.74224,0.87542,0.90492,0.86116,0.76677,0.85196,0.75883
AT2G04270,0.82308,0.90148,0.86811,0.82857,0.89229,0.62373,0.68262,0.87311,0.94521,0.70277,0.87578,0.64123
AT4G10610,0.82502,0.7847,0.7982,0.78013,0.91768,0.93005,0.80269,0.77025,0.76539,0.78149,0.98896,0.89068
AT1G51580,0.82547,0.88682,0.83974,0.92313,0.85473,0.74786,0.77979,0.81371,0.83112,0.85281,0.93797,0.7877
AT1G26120,0.82636,0.92863,0.83225,0.77488,0.82445,0.88228,0.81455,0.8326,0.76285,0.81342,0.82991,0.76116
AT5G58470,0.827,0.88336,0.85018,0.88854,0.90567,0.82502,0.82579,0.77811,0.96117,0.85912,0.92583,0.87348
AT5G01010,0.8272,0.89608,0.81976,0.85587,0.86452,0.72916,0.77673,0.77988,0.79788,0.86054,0.95415,0.77456
AT1G21880,0.82817,0.83908,0.79102,0.74592,0.82117,0.68772,0.87027,0.84764,0.90363,0.74956,0.83185,0.72891
AT1G13190,0.82922,0.96825,0.87312,0.9208,0.90604,0.90287,0.87914,0.81903,0.79641,0.82563,0.88616,0.84692
AT4G22790,0.83045,0.74329,0.60955,0.71651,0.81916,0.8699,0.77116,0.77933,0.72875,0.65802,0.71669,0.75182
AT2G34780,0.83065,0.9124,0.79479,0.92977,0.82395,0.52936,0.7513,0.72152,0.967,0.77689,0.75189,0.68481
AT5G65290,0.83111,0.85535,0.84068,0.88985,0.9006,0.76306,0.79541,0.81764,0.86187,0.87361,0.99354,0.74438
AT5G06940,0.83117,0.77178,0.80107,0.80101,0.82526,0.64505,0.86659,0.88219,0.87016,0.71899,0.66488,0.71417
AT5G04940,0.83142,0.81603,0.7666,0.84605,0.94803,0.7346,0.78843,0.77231,0.80482,0.81555,0.90597,0.7721
AT2G01860,0.83206,0.86871,0.71116,0.80862,0.67304,0.61727,0.81331,0.8211,0.83832,0.77891,0.55056,0.64839
AT2G39460,0.83249,0.70876,0.75382,0.74004,0.62223,0.77863,0.92905,0.91454,0.87481,0.7998,0.52532,0.84219
AT1G16650,0.83299,0.76143,0.72609,0.9233,0.96372,0.80459,0.62674,0.70919,0.76958,0.70729,0.78655,0.71088
AT4G10400,0.83313,0.71161,0.76156,0.76641,0.73028,0.70227,0.71061,0.90715,0.90581,0.83971,0.824,0.75884
AT2G28780,0.8333,0.58107,0.5803,0.51665,0.34771,0.12776,0.541,0.32878,0.47579,0.30582,0.03228,0.09731
AT5G35360,0.83343,0.84358,0.84637,0.87365,0.86288,0.79786,0.86288,0.82815,0.84467,0.83912,0.92877,0.86078
AT1G17530,0.8338,0.84813,0.71247,0.78327,0.79015,0.88736,0.73371,0.74312,0.5937,0.7062,0.87486,0.83947
AT2G25290,0.8341,0.892,0.84464,0.84194,0.8871,0.68598,0.72028,0.8341,0.85654,0.66981,0.86279,0.70401
AT1G15380,0.83477,0.69186,0.56765,0.55018,0.82657,0.52005,0.658,0.6799,0.45703,0.46715,0.17168,0.3293
AT1G63700,0.83509,0.83592,0.82634,0.94381,0.8393,0.72183,0.78238,0.73665,0.84183,0.7722,0.80186,0.7123
AT2G46340,0.83511,0.90668,0.91153,0.97145,0.84335,0.68747,0.78118,0.69619,0.86453,0.83822,0.69684,0.67086
AT1G73930,0.83521,0.89252,0.78662,0.88767,0.93731,0.77724,0.81544,0.80653,0.91142,0.79494,0.77856,0.74016
AT2G01130,0.83533,0.82601,0.80374,0.95575,0.7254,0.69995,0.71092,0.76812,0.76479,0.707,0.87125,0.5634
AT4G10720,0.83537,0.55596,0.56134,0.57346,0.68706,0.86212,0.79498,0.5888,0.5869,0.6012,0.89798,0.62559
AT3G05675,0.8359,0.88059,0.83132,0.8921,0.77463,0.91194,0.79482,0.96651,0.81538,0.8935,0.76806,0.74744
AT1G52140,0.83657,0.73048,0.78616,0.68887,0.85163,0.78725,0.73309,0.57238,0.74066,0.66157,0.72142,0.71411
AT4G37900,0.8371,0.77431,0.65831,0.57878,0.70097,0.93982,0.74368,0.57354,0.69268,0.57614,0.76542,0.56368
AT5G58790,0.83753,0.86276,0.92326,0.88331,0.77519,0.76746,0.86784,0.88045,0.80686,0.94782,0.77763,0.72906
AT5G06620,0.83758,0.82483,0.85979,0.86111,0.81866,0.56441,0.84103,0.77222,0.88162,0.74165,0.67483,0.58685
AT5G13280,0.83774,0.87388,0.81337,0.88013,0.9339,0.81363,0.75967,0.73469,0.79243,0.79306,0.9919,0.74606
AT4G33060,0.8378,0.83349,0.85551,0.89452,0.95307,0.73036,0.85804,0.8316,0.84865,0.79944,0.84859,0.78068
AT4G19370,0.83789,0.8037,0.98958,0.42503,0.79836,0.63487,0.44441,0.19657,0.2619,0.18592,0.09812,0.11466
AT2G18740,0.83831,0.6745,0.72305,0.70464,0.60956,0.83923,0.89762,0.89958,0.81045,0.81509,0.58626,0.81478
AT3G15240,0.83942,0.93377,0.88972,0.90191,0.72041,0.69122,0.76025,0.71271,0.69177,0.81966,0.48674,0.69074
AT4G09720,0.83964,0.72953,0.84888,0.81981,0.79479,0.94948,0.93532,0.90572,0.8933,0.84439,0.81281,0.96647
AT1G44110,0.83997,0.6355,0.72907,0.7592,0.80604,0.80079,0.94666,0.91585,0.92346,0.84263,0.97091,0.92331
AT1G10300,0.84013,0.88088,0.77058,0.83035,0.71211,0.5601,0.76966,0.81429,0.9757,0.90424,0.80734,0.77161
AT1G52980,0.84031,0.89518,0.7968,0.84989,0.79184,0.55896,0.74754,0.69796,0.74384,0.71154,0.65142,0.55826
AT4G35470,0.84039,0.85073,0.80662,0.88712,0.857,0.80901,0.6925,0.80994,0.85628,0.92225,0.95286,0.88968
AT5G53530,0.84057,0.7937,0.86176,0.82829,0.87287,0.95512,0.95031,0.94655,0.88064,0.9545,0.87206,0.89249
AT2G45440,0.84089,0.8032,0.88847,0.87148,0.98044,0.89731,0.88556,0.82171,0.86703,0.77314,0.8704,0.9448
AT5G57990,0.84103,0.88038,0.81228,0.90666,0.95135,0.60934,0.85189,0.79582,0.95728,0.82325,0.92774,0.7617
AT5G45780,0.84244,0.79909,0.77283,0.9298,0.83525,0.70853,0.8635,0.8218,0.87924,0.81,0.57381,0.76762
AT5G10020,0.84259,0.93563,0.83783,0.89187,0.86187,0.66961,0.7652,0.77483,0.81399,0.78628,0.77289,0.71646
AT1G62700,0.84268,0.83987,0.47994,0.76652,0.81401,0.63635,0.66802,0.49138,0.56014,0.63672,0.65305,0.69404
AT3G13200,0.84293,0.76377,0.75652,0.78367,0.85502,0.84077,0.78526,0.8072,0.77262,0.77775,0.91768,0.90002
AT4G24440,0.8447,0.71796,0.7313,0.72284,0.68952,0.86116,0.82933,0.83464,0.76794,0.79732,0.71072,0.75534
AT5G60390,0.84484,0.81175,0.76691,0.75702,0.81343,0.66182,0.86481,0.85054,0.9178,0.76152,0.7584,0.78152
AT4G26780,0.84486,0.79323,0.79605,0.85444,0.7621,0.78313,0.98522,0.90292,0.97294,0.9117,0.69977,0.87424
AT3G47210,0.8459,0.78099,0.84614,0.56252,0.78178,0.60317,0.75699,0.70017,0.75981,0.74016,0.5618,0.64923
AT5G60870,0.84607,0.78674,0.71225,0.84075,0.76616,0.73915,0.84529,0.81851,0.94688,0.80495,0.74028,0.6835
AT5G57210,0.84635,0.97229,0.85059,0.90812,0.93309,0.89057,0.85555,0.77584,0.90911,0.80542,0.86932,0.7123
AT1G19860,0.84642,0.85223,0.91017,0.88433,0.90101,0.74601,0.85018,0.70376,0.89012,0.7379,0.80685,0.69835
AT3G23410,0.84761,0.75608,0.93777,0.80254,0.51781,0.65642,0.69216,0.64912,0.70147,0.58767,0.32853,0.77752
AT1G18190,0.84882,0.94809,0.87901,0.98228,0.86526,0.66561,0.80948,0.89698,0.94562,0.86103,0.87879,0.76339
AT3G52300,0.84964,0.76721,0.80424,0.74216,0.58923,0.81007,0.9383,0.9163,0.80861,0.90301,0.55745,0.89347
AT4G18340,0.85043,0.60143,0.60188,0.51977,0.40934,0.35559,0.76093,0.63729,0.60265,0.43085,0.29513,0.34787
AT2G42810,0.85043,0.90449,0.87328,0.8862,0.8339,0.71726,0.77179,0.75995,0.8231,0.81205,0.7037,0.68036
AT1G09130,0.85065,0.87856,0.87068,0.78612,0.82687,0.76868,0.78302,0.87967,0.90298,0.79509,0.91824,0.91639
AT2G34310,0.85086,0.84189,0.88067,0.87537,0.76204,0.83835,0.89647,0.93622,0.83304,0.80276,0.59953,0.86066
AT2G45160,0.85151,0.92383,0.84614,0.81748,0.75552,0.70225,0.84639,0.81074,0.77514,0.78589,0.73495,0.68426
AT1G70730,0.85172,0.82094,0.80299,0.87918,0.92698,0.82386,0.84341,0.78442,0.75928,0.7533,0.94029,0.80791
AT4G20235,0.85225,0.81673,0.71946,0.89309,0.89117,0.81348,0.64517,0.63285,0.85256,0.60948,0.66994,0.70755
AT4G17100,0.8525,0.96277,0.92309,0.91315,0.81279,0.81169,0.87832,0.95524,0.85614,0.89076,0.54307,0.7995
AT2G40940,0.85348,0.83018,0.85958,0.87098,0.81839,0.81654,0.89801,0.78733,0.78233,0.72606,0.73287,0.76922
AT5G64920,0.85351,0.90112,0.86384,0.75764,0.68145,0.70867,0.74667,0.85951,0.71773,0.77861,0.54467,0.62426
AT1G20540,0.85386,0.89612,0.82281,0.85697,0.84929,0.69581,0.76861,0.86753,0.72639,0.76833,0.89565,0.73384
AT2G15530,0.85405,0.89621,0.79626,0.89214,0.77026,0.73317,0.66155,0.81354,0.8056,0.75986,0.77295,0.64903
AT5G16040,0.85549,0.82472,0.8485,0.84359,0.78828,0.69939,0.94715,0.85108,0.93568,0.82054,0.8336,0.85643
AT1G68910,0.8555,0.88311,0.87818,0.80822,0.94559,0.67687,0.74571,0.76439,0.77267,0.83175,0.89774,0.72677
AT1G33120,0.85593,0.63596,0.63218,0.60419,0.52455,0.57234,0.79999,0.84062,0.67523,0.7162,0.52104,0.67197
AT1G49580,0.85594,0.90191,0.90096,0.96826,0.72835,0.68176,0.71604,0.73207,0.80431,0.96023,0.48924,0.6642
AT1G73350,0.85623,0.87358,0.78399,0.90151,0.84476,0.91325,0.87782,0.97548,0.92054,0.89476,0.91897,0.87573
AT3G46500,0.85656,0.87962,0.66178,0.67386,0.67798,0.70732,0.85808,0.86942,0.81157,0.84291,0.62842,0.781
AT2G25070,0.85672,0.76535,0.83721,0.7732,0.91932,0.91996,0.82931,0.8503,0.77825,0.79979,0.93194,0.83781
AT1G78570,0.85691,0.8312,0.83023,0.86384,0.76079,0.79901,0.96164,0.90912,0.88678,0.89644,0.83514,0.82384
AT1G57860,0.85695,0.74829,0.78495,0.7522,0.66266,0.84739,0.94588,0.88553,0.85714,0.81892,0.56257,0.87475
AT4G30950,0.85734,0.9432,0.85697,0.84719,0.94216,0.77445,0.73125,0.8623,0.74148,0.74364,0.69418,0.64222
AT1G51450,0.85787,0.85768,0.86906,0.91242,0.91659,0.88693,0.90242,0.884,0.89212,0.82678,0.92271,0.81844
AT1G72320,0.85809,0.80716,0.78176,0.88229,0.83327,0.59279,0.82633,0.74207,0.96029,0.7558,0.80859,0.69757
AT2G16440,0.85898,0.84087,0.77107,0.89669,0.89948,0.65541,0.81813,0.74403,0.81662,0.73997,0.86077,0.68944
AT1G69030,0.85927,0.85533,0.93829,0.89248,0.84855,0.80738,0.97334,0.89417,0.83829,0.85291,0.7646,0.91999
AT5G66100,0.85957,0.91103,0.73891,0.7922,0.88349,0.67889,0.77248,0.80968,0.8521,0.79472,0.87323,0.71676
AT2G41820,0.85976,0.93091,0.85292,0.89283,0.90494,0.54462,0.89799,0.85074,0.89854,0.79392,0.98618,0.6078
AT1G73240,0.85987,0.88365,0.81051,0.77733,0.96396,0.70255,0.82865,0.90477,0.94939,0.82496,0.88523,0.80045
AT3G14580,0.86047,0.82235,0.74458,0.87486,0.82596,0.78006,0.77723,0.88247,0.99005,0.82936,0.67019,0.75975
AT3G02650,0.86065,0.77472,0.76843,0.82818,0.82779,0.72747,0.89372,0.90519,0.94648,0.87294,0.78895,0.892
AT3G28720,0.86156,0.87079,0.74289,0.87241,0.80008,0.76508,0.78787,0.78968,0.87069,0.82883,0.9042,0.76351
AT3G08040,0.86186,0.68715,0.6324,0.31583,0.28728,0.49133,0.82167,0.30667,0.4221,0.31746,0.41596,0.38658
AT5G26830,0.8627,0.87701,0.83831,0.90328,0.92263,0.72618,0.85882,0.84236,0.93894,0.83514,0.9152,0.81267
AT3G47370,0.86331,0.67481,0.72788,0.6862,0.57879,0.75005,0.9437,0.90268,0.80787,0.76678,0.50156,0.78656
AT1G27695,0.86338,0.70684,0.70506,0.82799,0.84997,0.89196,0.59,0.73063,0.65969,0.74907,0.44991,0.74386
AT1G05430,0.8637,0.78899,0.82098,0.85256,0.81604,0.87947,0.9721,0.89242,0.91327,0.88539,0.83147,0.93784
AT5G58620,0.86394,0.89209,0.83651,0.76701,0.67612,0.61456,0.95027,0.69506,0.84388,0.77464,0.84578,0.66597
AT2G47590,0.86414,0.80141,0.86284,0.76271,0.76392,0.78775,0.96295,0.96239,0.86557,0.81878,0.78093,0.81562
AT2G40890,0.86516,0.86398,0.93232,0.84178,0.85625,0.68152,0.94739,0.81618,0.87789,0.91919,0.96558,0.67297
AT1G51570,0.86596,0.92357,0.91525,0.91573,0.93124,0.83189,0.91047,0.89002,0.95748,0.83278,0.89174,0.85914
AT2G23350,0.866,0.91557,0.8461,0.8544,0.84668,0.6446,0.82979,0.76933,0.90963,0.78855,0.69596,0.66341
AT4G22260,0.86966,0.82596,0.82233,0.82015,0.86621,0.85807,0.8408,0.79398,0.84572,0.83969,0.97628,0.87948
AT1G65470,0.87115,0.73949,0.74702,0.83148,0.76125,0.54214,0.84146,0.71827,0.90995,0.73553,0.66488,0.59225
AT1G61900,0.87132,0.84959,0.86098,0.83542,0.83984,0.93037,0.9254,0.92184,0.86483,0.86391,0.88808,0.98738
AT5G14520,0.87197,0.88655,0.79753,0.85076,0.84757,0.6217,0.77062,0.71989,0.82157,0.75966,0.70187,0.66092
AT5G12860,0.8723,0.72304,0.63731,0.65099,0.57728,0.38218,0.68719,0.63287,0.83037,0.75553,0.49469,0.52825
AT5G35200,0.87246,0.90513,0.90874,0.82072,0.79539,0.74006,0.74897,0.77404,0.77646,0.80979,0.74378,0.68864
AT1G09780,0.87328,0.90357,0.78336,0.76072,0.73483,0.6279,0.98568,0.96316,0.89756,0.82965,0.66014,0.67881
AT1G09830,0.8735,0.83729,0.81168,0.85785,0.84509,0.77087,0.87978,0.78907,0.91678,0.78357,0.80027,0.79309
AT1G72340,0.87486,0.79883,0.81863,0.75486,0.87284,0.94316,0.9273,0.93671,0.87919,0.97659,0.94062,0.93709
AT3G59800,0.87509,0.78339,0.74666,0.83677,0.84405,0.74275,0.91058,0.82835,0.93241,0.89615,0.83957,0.89217
AT4G31120,0.87527,0.90596,0.8274,0.85337,0.85272,0.69165,0.85938,0.75064,0.88404,0.78671,0.67518,0.66125
AT2G33340,0.87536,0.8932,0.79606,0.80876,0.85242,0.61786,0.73418,0.70608,0.70618,0.72721,0.79459,0.59289
AT4G25315,0.87566,0.77862,0.79433,0.76816,0.59653,0.81612,0.8737,0.9359,0.7788,0.83583,0.46707,0.79785
AT5G05980,0.8761,0.88867,0.90153,0.98035,0.73133,0.8109,0.91556,0.83777,0.95217,0.83795,0.77663,0.83808
AT3G54690,0.87631,0.83887,0.89958,0.82079,0.91549,0.91459,0.82688,0.85787,0.81128,0.83751,0.89903,0.80667
AT4G10420,0.87662,0.66392,0.84587,0.71986,0.79966,0.56826,0.76571,0.80293,0.80715,0.90554,0.58639,0.65823
AT4G34700,0.8768,0.75576,0.78313,0.72293,0.5749,0.81545,0.92742,0.88716,0.76767,0.87128,0.55538,0.83141
AT4G02500,0.87717,0.8919,0.90885,0.85319,0.83065,0.91302,0.94424,0.93433,0.86163,0.87615,0.78028,0.88758
AT2G15130,0.87838,0.44461,0.39691,0.4939,0.26649,0.23884,0.42395,0.65669,0.65706,0.95983,0.52949,0.37647
AT4G01100,0.87911,0.83655,0.73635,0.71722,0.72512,0.61679,0.76304,0.73719,0.75568,0.70855,0.62705,0.59617
AT3G59970,0.87967,0.87204,0.90016,0.86288,0.84703,0.85571,0.95728,0.95814,0.87014,0.83854,0.71395,0.84396
AT1G22960,0.87986,0.83447,0.843,0.96864,0.80417,0.73537,0.77215,0.71713,0.8236,0.79964,0.76885,0.67742
AT2G31740,0.88022,0.88903,0.86517,0.8736,0.82698,0.65349,0.83561,0.79782,0.95307,0.78101,0.7497,0.71654
AT4G17310,0.88209,0.82165,0.83274,0.76623,0.88345,0.74554,0.83201,0.86855,0.91813,0.70861,0.74478,0.74307
AT5G52040,0.8821,0.90718,0.80485,0.85972,0.87867,0.86066,0.8473,0.84808,0.90058,0.91617,0.85204,0.85252
AT5G67420,0.88233,0.60254,0.70007,0.58922,0.4212,0.64302,0.81388,0.70321,0.85249,0.95158,0.45436,0.9467
AT5G15080,0.88335,0.90154,0.83356,0.87665,0.86024,0.94681,0.90983,0.87083,0.82638,0.8719,0.86705,0.86444
AT5G15130,0.88343,0.93802,0.62699,0.48635,0.85092,0.76679,0.8838,0.79179,0.80471,0.66049,0.85784,0.64961
AT3G20830,0.88368,0.72028,0.79422,0.80101,0.67224,0.63849,0.89762,0.81936,0.80591,0.86429,0.98795,0.88693
AT2G30990,0.88468,0.91289,0.99558,0.80221,0.71279,0.61494,0.74475,0.75258,0.76344,0.77573,0.39657,0.52376
AT4G14145,0.88501,0.86946,0.88018,0.72155,0.6448,0.71851,0.74769,0.8208,0.7733,0.78358,0.55659,0.62834
AT1G22500,0.88592,0.78623,0.79646,0.75665,0.66105,0.35742,0.7147,0.76942,0.7487,0.7934,0.0626,0.31243
AT3G13620,0.88681,0.91051,0.96071,0.90852,0.69386,0.94628,0.89597,0.75366,0.70087,0.8106,0.62082,0.79858
AT4G10030,0.8894,0.92095,0.89576,0.83433,0.9276,0.76222,0.90151,0.85721,0.84213,0.8239,0.85423,0.69082
AT3G13860,0.89038,0.8615,0.83827,0.94898,0.89614,0.71479,0.98842,0.84576,0.92161,0.82648,0.78297,0.78804
AT1G17590,0.89063,0.87771,0.8331,0.73211,0.76874,0.67623,0.77226,0.69444,0.7515,0.64866,0.61992,0.7906
AT1G26540,0.89157,0.54302,0.59756,0.65926,0.6601,0.57585,0.77166,0.41994,0.64039,0.43586,0.605,0.72259
AT5G05580,0.89186,0.87915,0.82852,0.8375,0.60347,0.41498,0.73607,0.5867,0.85788,0.69246,0.41453,0.52052
AT3G60880,0.89192,0.92814,0.83922,0.82386,0.92341,0.83272,0.9353,0.99059,0.93298,0.83506,0.89269,0.85744
AT1G05350,0.89262,0.94246,0.92653,0.90801,0.87998,0.81845,0.95848,0.90725,0.83307,0.87633,0.77802,0.79693
AT1G75335,0.89303,0.77449,0.68694,0.65442,0.48012,0.7133,0.87443,0.76623,0.69754,0.76372,0.32829,0.64709
AT4G21070,0.89508,0.66198,0.72496,0.68553,0.88851,0.4782,0.69264,0.6007,0.77309,0.65704,0.64376,0.51153
AT3G54750,0.89613,0.77812,0.83024,0.84074,0.82384,0.73016,0.87436,0.82902,0.91382,0.74539,0.69741,0.75262
AT4G30780,0.89803,0.9654,0.87319,0.93287,0.85606,0.93269,0.91603,0.83519,0.82656,0.8591,0.88674,0.86013
AT5G50310,0.89962,0.89777,0.85511,0.89777,0.95172,0.65183,0.87817,0.79137,0.93305,0.78115,0.78354,0.72915
AT3G59050,0.89963,0.85659,0.82581,0.76658,0.71569,0.82052,0.88896,0.87165,0.7737,0.78638,0.84163,0.7767
AT3G27340,0.90059,0.81226,0.78189,0.80382,0.66314,0.81986,0.88406,0.92014,0.79547,0.79633,0.54792,0.86256
AT3G52370,0.90127,0.96371,0.91157,0.74643,0.76665,0.55106,0.86713,0.94103,0.86994,0.83944,0.58177,0.58374
AT1G13570,0.90199,0.91893,0.94354,0.92495,0.70861,0.7321,0.75124,0.78427,0.76449,0.84399,0.69533,0.62019
AT5G20590,0.90262,0.92232,0.88752,0.89782,0.94993,0.86952,0.89135,0.97114,0.88689,0.81805,0.89049,0.89031
AT4G22930,0.90507,0.8903,0.80147,0.77266,0.71143,0.76132,0.85113,0.76087,0.68514,0.75561,0.52258,0.71671
AT3G24000,0.90575,0.87736,0.90258,0.81234,0.60504,0.58152,0.71203,0.889,0.82563,0.80432,0.4139,0.462
AT1G06420,0.90746,0.72265,0.60027,0.65999,0.44208,0.36782,0.75815,0.62667,0.44559,0.5924,0.36585,0.48474
AT3G10520,0.90815,0.62323,0.851,0.65089,0.59126,0.55156,0.78121,0.63813,0.85574,0.84874,0.34261,0.45005
AT3G49940,0.90883,0.70491,0.71621,0.68545,0.60886,0.66332,0.79877,0.82614,0.84005,0.8246,0.51983,0.71628
AT5G28060,0.9111,0.79623,0.83656,0.82026,0.7009,0.84333,0.96753,0.90605,0.85664,0.79633,0.5643,0.82885
AT5G03630,0.91176,0.83663,0.92726,0.74354,0.78436,0.77299,0.96629,0.7866,0.85953,0.77597,0.6422,0.67314
AT1G29320,0.91319,0.92421,0.8324,0.84974,0.86528,0.51749,0.88586,0.80936,0.84575,0.80248,0.64983,0.74764
AT4G24880,0.91399,0.81785,0.75264,0.79775,0.7982,0.71734,0.8102,0.85818,0.83647,0.7746,0.79325,0.72405
AT2G04865,0.91486,0.90433,0.77892,0.91242,0.77894,0.76278,0.81972,0.75592,0.7392,0.786,0.87641,0.67689
AT2G30080,0.91501,0.91089,0.93638,0.73245,0.88362,0.62703,0.88703,0.86061,0.84623,0.65162,0.92499,0.77958
AT5G37590,0.91522,0.78262,0.80948,0.84494,0.76706,0.4765,0.88607,0.74528,0.84365,0.71202,0.51942,0.50678
AT1G71800,0.91759,0.945,0.83544,0.92078,0.92957,0.76547,0.81832,0.79518,0.83326,0.82981,0.6834,0.75986
AT4G38430,0.91942,0.92058,0.88184,0.83205,0.79071,0.74022,0.85875,0.90773,0.7923,0.67931,0.82361,0.67449
AT2G24300,0.92094,0.97813,0.87194,0.90121,0.87045,0.70007,0.73745,0.70086,0.68076,0.74351,0.497,0.65551
AT5G58900,0.92118,0.83999,0.89737,0.85012,0.58206,0.57349,0.86755,0.71277,0.87729,0.89404,0.23064,0.52893
AT5G34850,0.9215,0.96226,0.95075,0.9245,0.89494,0.927,0.91508,0.97491,0.91566,0.93852,0.90193,0.95245
AT4G28610,0.92574,0.93885,0.91092,0.92031,0.882,0.83852,0.83021,0.82259,0.8167,0.87432,0.82936,0.74398
AT4G18250,0.92603,0.86539,0.7024,0.58238,0.71969,0.36879,0.55551,0.57773,0.50924,0.41305,0.31414,0.14034
AT1G05410,0.9266,0.88445,0.9311,0.91419,0.7297,0.71158,0.79896,0.71871,0.85844,0.83389,0.77701,0.71788
AT5G43060,0.92773,0.93146,0.96186,0.83804,0.81757,0.85819,0.88118,0.8955,0.90134,0.96739,0.78522,0.85756
AT3G13320,0.92863,0.91859,0.91583,0.87783,0.91298,0.86168,0.8635,0.85072,0.93047,0.90477,0.87749,0.85715
AT3G61198,0.92865,0.52858,0.91878,0.73104,0.45487,0.45154,0.38164,0.53564,0.40877,0.59603,0.08098,0.26111
AT3G52500,0.92899,0.89764,0.88971,0.81866,0.85125,0.69287,0.96359,0.94503,0.85399,0.9413,0.85353,0.71138
AT2G37230,0.92904,0.89287,0.83539,0.87841,0.8718,0.66658,0.91801,0.81591,0.94869,0.86747,0.7282,0.81339
AT2G27590,0.93009,0.90111,0.76901,0.75567,0.91001,0.86409,0.8938,0.78787,0.78858,0.80136,0.70934,0.81003
AT3G53710,0.93045,0.95499,0.92578,0.94391,0.92028,0.85202,0.8829,0.89349,0.92404,0.94424,0.81513,0.89197
AT1G26330,0.93057,0.88561,0.7971,0.9673,0.8557,0.592,0.86276,0.73787,0.86432,0.72336,0.64008,0.56798
AT5G27730,0.93248,0.88099,0.9569,0.73757,0.68538,0.78072,0.64174,0.95437,0.70942,0.62857,0.49638,0.65304
AT5G05520,0.93403,0.91228,0.84831,0.8133,0.82184,0.71922,0.85358,0.74237,0.77571,0.75831,0.7541,0.74027
AT5G03415,0.93917,0.89552,0.84529,0.9653,0.77089,0.80077,0.83756,0.91939,0.90309,0.86026,0.92117,0.77862
AT4G35910,0.94049,0.93374,0.82927,0.90082,0.79037,0.72887,0.92653,0.78928,0.85902,0.75203,0.73009,0.76386
AT5G52890,0.94337,0.69125,0.79071,0.88317,0.84406,0.62318,0.84368,0.80127,0.86483,0.56328,0.66067,0.62652
AT1G76260,0.94816,0.84671,0.85509,0.93806,0.84511,0.85283,0.92089,0.89929,0.89707,0.89841,0.89249,0.91431
AT4G30860,0.95725,0.82368,0.83727,0.8255,0.9605,0.79744,0.92031,0.7636,0.87938,0.84418,0.90055,0.80371
AT5G27660,0.95735,0.96048,0.88354,0.86338,0.71168,0.71119,0.60478,0.73532,0.692,0.75377,0.33312,0.71716
AT4G30930,0.96034,0.83102,0.79214,0.83327,0.73473,0.80958,0.97072,0.8955,0.82525,0.82764,0.60466,0.79878
AT3G14110,0.96256,0.855,0.86142,0.81584,0.83647,0.86295,0.9377,0.89244,0.80813,0.78385,0.74521,0.72132
AT2G32500,0.96337,0.87363,0.86398,0.79678,0.81132,0.91775,0.84224,0.9768,0.73465,0.71603,0.67851,0.79893
AT2G30960,0.97354,0.73007,0.79333,0.81497,0.827,0.63453,0.86399,0.96084,0.87119,0.77567,0.81904,0.7679
AT3G12340,0.97625,0.91769,0.78853,0.86718,0.91183,0.64965,0.83578,0.81442,0.91635,0.79345,0.69114,0.80176
AT5G63570,0.97674,0.8997,0.94339,0.85196,0.94424,0.87661,0.96481,0.92893,0.90125,0.83063,0.93319,0.853
AT5G27560,0.98182,0.73906,0.82066,0.74081,0.76135,0.83106,0.91654,0.82267,0.84134,0.77056,0.808,0.75883
AT2G31830,0.98484,0.91422,0.62633,0.80894,0.75048,0.62018,0.57142,0.80971,0.54132,0.43987,0.35769,0.3725
